"","x","y","area"
"1",8087,9876,"domain_1"
"2",2177,5626,"domain_2"
"3",9208,3882,"domain_3"
"4",3564,9306,"domain_2"
"5",7197,3164,"domain_3"
"6",7700,3452,"domain_3"
"7",9469,9513,"domain_1"
"8",7461,10815,"domain_1"
"9",7074,4535,"domain_3"
"10",8332,5544,"domain_3"
"11",9969,8501,"domain_1"
"12",6445,3887,"domain_4"
"13",2556,7141,"domain_2"
"14",9081,2800,"domain_3"
"15",6201,8218,"domain_3"
"16",9970,9079,"domain_1"
"17",10218,6768,"domain_1"
"18",10093,7563,"domain_1"
"19",7455,7350,"domain_2"
"20",9836,3376,"domain_2"
"21",7450,3885,"domain_3"
"22",3057,5986,"domain_2"
"23",5440,3600,"domain_2"
"24",10088,4098,"domain_2"
"25",9589,6408,"domain_1"
"26",8710,6482,"domain_2"
"27",4817,6993,"domain_3"
"28",4813,4395,"domain_2"
"29",8204,4461,"domain_3"
"30",3057,6274,"domain_2"
"31",6444,3598,"domain_3"
"32",7333,9300,"domain_1"
"33",7082,9444,"domain_1"
"34",3564,8872,"domain_2"
"35",5702,10818,"domain_1"
"36",7707,7494,"domain_2"
"37",6329,10167,"domain_1"
"38",8462,8215,"domain_1"
"39",9970,8790,"domain_1"
"40",8956,2872,"domain_3"
"41",7328,6556,"domain_3"
"42",8464,9803,"domain_1"
"43",3808,4252,"domain_2"
"44",3436,7501,"domain_2"
"45",7952,3740,"domain_2"
"46",5946,6198,"domain_3"
"47",5061,2517,"domain_2"
"48",6073,6703,"domain_3"
"49",5815,2805,"domain_3"
"50",3564,8728,"domain_2"
"51",5072,9303,"domain_2"
"52",6205,10817,"domain_1"
"53",8707,4749,"domain_2"
"54",7703,4895,"domain_3"
"55",5317,5549,"domain_2"
"56",9462,5181,"domain_2"
"57",5441,4321,"domain_3"
"58",8212,9226,"domain_1"
"59",2933,7213,"domain_2"
"60",7450,4029,"domain_3"
"61",2553,4976,"domain_5"
"62",9210,4749,"domain_2"
"63",3687,7356,"domain_2"
"64",5441,4755,"domain_3"
"65",7963,10670,"domain_1"
"66",5198,9664,"domain_2"
"67",10214,4170,"domain_2"
"68",9840,6264,"domain_1"
"69",6320,4248,"domain_4"
"70",9961,3304,"domain_2"
"71",3557,4685,"domain_2"
"72",3684,5335,"domain_2"
"73",8831,3522,"domain_3"
"74",10216,5613,"domain_6"
"75",6831,9445,"domain_1"
"76",2808,7574,"domain_2"
"77",4818,7571,"domain_2"
"78",7584,9155,"domain_1"
"79",3310,7140,"domain_2"
"80",9592,8430,"domain_1"
"81",8586,7421,"domain_1"
"82",3815,9161,"domain_2"
"83",9082,3088,"domain_3"
"84",8461,7782,"domain_1"
"85",3685,6346,"domain_2"
"86",4819,8004,"domain_2"
"87",4319,10026,"domain_2"
"88",2803,4109,"domain_5"
"89",10217,6335,"domain_1"
"90",4692,7210,"domain_2"
"91",8589,9298,"domain_1"
"92",8086,9154,"domain_1"
"93",7703,5329,"domain_3"
"94",7829,5545,"domain_3"
"95",4814,5405,"domain_2"
"96",6326,7857,"domain_3"
"97",4560,3240,"domain_3"
"98",7712,10671,"domain_1"
"99",2303,5987,"domain_2"
"100",8711,6915,"domain_1"
"101",6573,5691,"domain_3"
"102",9342,9152,"domain_1"
"103",3313,9162,"domain_2"
"104",3180,4469,"domain_2"
"105",6202,9229,"domain_2"
"106",8457,5472,"domain_3"
"107",3812,7284,"domain_2"
"108",4315,7283,"domain_2"
"109",2680,6058,"domain_2"
"110",4058,3818,"domain_3"
"111",5441,4466,"domain_2"
"112",3556,3963,"domain_5"
"113",5690,3022,"domain_3"
"114",2429,6059,"domain_2"
"115",3431,4325,"domain_2"
"116",9584,2943,"domain_2"
"117",9338,6409,"domain_1"
"118",2426,4471,"domain_5"
"119",6325,7424,"domain_3"
"120",5190,4466,"domain_3"
"121",6200,8074,"domain_3"
"122",6697,4608,"domain_3"
"123",6326,8290,"domain_3"
"124",9211,5326,"domain_2"
"125",5071,9014,"domain_2"
"126",9215,7781,"domain_1"
"127",8460,7493,"domain_1"
"128",7962,10237,"domain_1"
"129",9962,4170,"domain_2"
"130",10219,7779,"domain_1"
"131",8959,5038,"domain_3"
"132",8083,7421,"domain_1"
"133",6200,7785,"domain_3"
"134",8964,8359,"domain_1"
"135",5318,5982,"domain_3"
"136",6706,10383,"domain_1"
"137",5197,8798,"domain_2"
"138",7084,11033,"other"
"139",4814,5261,"domain_2"
"140",5569,5837,"domain_3"
"141",9711,4026,"domain_2"
"142",5072,9159,"domain_2"
"143",9335,4387,"domain_2"
"144",9206,2583,"domain_2"
"145",4945,8365,"domain_2"
"146",7333,9155,"domain_1"
"147",4187,5912,"domain_2"
"148",5944,4754,"domain_3"
"149",7459,9805,"domain_1"
"150",6694,2731,"domain_3"
"151",6948,4319,"domain_3"
"152",9589,5975,"domain_2"
"153",5313,3239,"domain_3"
"154",7334,10021,"domain_1"
"155",7953,4462,"domain_3"
"156",10467,5180,"domain_6"
"157",8336,8287,"domain_1"
"158",8965,8647,"domain_1"
"159",4068,10027,"domain_2"
"160",7577,4968,"domain_3"
"161",2430,6925,"domain_2"
"162",10345,7562,"domain_1"
"163",6321,4681,"domain_3"
"164",8331,5255,"domain_3"
"165",4686,3889,"domain_3"
"166",10215,5180,"domain_6"
"167",8332,5833,"domain_3"
"168",7834,8721,"domain_1"
"169",8962,6626,"domain_1"
"170",4936,3023,"domain_2"
"171",2805,5553,"domain_2"
"172",7574,2658,"domain_2"
"173",7963,10381,"domain_1"
"174",5198,9808,"domain_2"
"175",6320,4103,"domain_4"
"176",10466,4891,"domain_6"
"177",8589,9586,"domain_1"
"178",3433,5913,"domain_2"
"179",2803,4398,"domain_5"
"180",6703,8218,"domain_3"
"181",7084,10744,"domain_1"
"182",2807,6852,"domain_2"
"183",10221,8501,"domain_1"
"184",8329,3667,"domain_3"
"185",5074,10458,"domain_2"
"186",6570,3237,"domain_3"
"187",5825,9158,"domain_2"
"188",8203,3595,"domain_3"
"189",7828,4679,"domain_3"
"190",7331,8145,"domain_1"
"191",4690,5911,"domain_2"
"192",3682,4035,"domain_2"
"193",4695,9232,"domain_2"
"194",4947,9809,"domain_2"
"195",4942,6777,"domain_3"
"196",4193,9521,"domain_2"
"197",5565,3672,"domain_3"
"198",4186,5045,"domain_2"
"199",9961,3159,"domain_2"
"200",8707,4461,"domain_2"
"201",10089,4819,"domain_2"
"202",6825,6124,"domain_4"
"203",9088,7275,"domain_1"
"204",9207,2872,"domain_3"
"205",8209,7060,"domain_1"
"206",4695,9087,"domain_2"
"207",9710,3160,"domain_2"
"208",10092,6696,"domain_1"
"209",10094,7996,"domain_1"
"210",7957,7061,"domain_2"
"211",7457,8505,"domain_1"
"212",10212,3159,"domain_2"
"213",3439,9089,"domain_2"
"214",3185,7357,"domain_2"
"215",9836,3665,"domain_2"
"216",7574,2802,"domain_2"
"217",9720,9512,"domain_1"
"218",8085,8432,"domain_1"
"219",7332,8578,"domain_1"
"220",5823,7714,"domain_3"
"221",4562,4684,"domain_2"
"222",5566,4393,"domain_2"
"223",6443,2587,"domain_2"
"224",7959,7927,"domain_1"
"225",5442,5188,"domain_3"
"226",9467,8791,"domain_1"
"227",7331,8000,"domain_2"
"228",7073,3958,"domain_3"
"229",6321,4825,"domain_3"
"230",8959,4749,"domain_3"
"231",8212,9515,"domain_1"
"232",5690,3166,"domain_3"
"233",5322,8436,"domain_2"
"234",4816,6560,"domain_3"
"235",7332,9011,"domain_1"
"236",3561,7140,"domain_2"
"237",9334,3666,"domain_3"
"238",4816,6127,"domain_3"
"239",4186,5334,"domain_2"
"240",3680,2880,"domain_2"
"241",9962,3737,"domain_2"
"242",4940,5622,"domain_2"
"243",6958,10527,"domain_1"
"244",5697,7642,"domain_3"
"245",2683,7647,"domain_2"
"246",5195,7643,"domain_3"
"247",3933,3746,"domain_2"
"248",8332,5977,"domain_3"
"249",8330,4245,"domain_3"
"250",2681,6636,"domain_2"
"251",3058,6707,"domain_2"
"252",9218,9658,"domain_1"
"253",3060,8296,"domain_2"
"254",8462,8792,"domain_1"
"255",8206,5328,"domain_3"
"256",6568,2515,"domain_2"
"257",7575,3524,"domain_3"
"258",9207,3160,"domain_3"
"259",4440,7066,"domain_2"
"260",5816,3382,"domain_3"
"261",8710,6626,"domain_1"
"262",7082,9877,"domain_1"
"263",7078,6990,"domain_3"
"264",6949,5185,"domain_3"
"265",7457,8361,"domain_1"
"266",6831,10022,"domain_1"
"267",8208,6916,"domain_2"
"268",9971,9512,"domain_1"
"269",8458,6049,"domain_3"
"270",3936,6056,"domain_2"
"271",8838,8142,"domain_1"
"272",2684,8368,"domain_2"
"273",5570,6415,"domain_3"
"274",6957,10239,"domain_1"
"275",7833,7999,"domain_1"
"276",6569,2804,"domain_3"
"277",2178,6492,"domain_2"
"278",7835,9299,"domain_1"
"279",6575,6558,"domain_3"
"280",7323,3380,"domain_3"
"281",7076,5546,"domain_4"
"282",5573,8725,"domain_2"
"283",4938,4322,"domain_3"
"284",6447,5186,"domain_3"
"285",9343,9730,"domain_1"
"286",9461,4604,"domain_2"
"287",10466,5035,"domain_6"
"288",8962,7203,"domain_1"
"289",6580,9734,"domain_1"
"290",7076,5979,"domain_4"
"291",9087,6409,"domain_1"
"292",3305,3964,"domain_5"
"293",8834,5399,"domain_2"
"294",7834,8577,"domain_1"
"295",3436,7212,"domain_2"
"296",2558,8296,"domain_2"
"297",2932,6347,"domain_2"
"298",8956,3305,"domain_3"
"299",9465,7347,"domain_1"
"300",5320,7281,"domain_3"
"301",6328,9157,"domain_2"
"302",8210,8215,"domain_1"
"303",7334,10166,"domain_1"
"304",7584,9588,"domain_1"
"305",9208,3594,"domain_3"
"306",9709,2871,"domain_2"
"307",9462,5326,"domain_2"
"308",8079,4678,"domain_3"
"309",5818,4682,"domain_3"
"310",6958,10672,"domain_1"
"311",10343,6696,"domain_1"
"312",6079,10601,"domain_1"
"313",9962,3592,"domain_2"
"314",7575,3813,"domain_3"
"315",5817,4249,"domain_2"
"316",9838,4964,"domain_2"
"317",2804,4975,"domain_5"
"318",2935,8368,"domain_2"
"319",8078,3812,"domain_3"
"320",8956,3450,"domain_3"
"321",5324,10025,"domain_2"
"322",4568,8293,"domain_2"
"323",5940,2588,"domain_3"
"324",4943,7065,"domain_3"
"325",6329,9879,"domain_1"
"326",6448,5619,"domain_3"
"327",3059,7574,"domain_2"
"328",9714,5903,"domain_2"
"329",4948,10386,"domain_2"
"330",8841,9875,"domain_1"
"331",5947,6919,"domain_3"
"332",3939,7789,"domain_2"
"333",7205,7639,"domain_3"
"334",7957,6772,"domain_2"
"335",6949,4752,"domain_3"
"336",6073,6991,"domain_3"
"337",5438,2878,"domain_3"
"338",5324,9736,"domain_2"
"339",6695,3453,"domain_3"
"340",3682,4469,"domain_2"
"341",9466,7925,"domain_1"
"342",8964,8214,"domain_1"
"343",8334,6844,"domain_2"
"344",8459,6482,"domain_2"
"345",7959,8071,"domain_1"
"346",2427,4759,"domain_5"
"347",9459,3304,"domain_2"
"348",7702,4318,"domain_3"
"349",3680,3169,"domain_2"
"350",3059,7285,"domain_2"
"351",10592,4819,"domain_6"
"352",5948,7353,"domain_3"
"353",10596,7706,"domain_1"
"354",6956,9517,"domain_1"
"355",7323,2947,"domain_2"
"356",8327,2801,"domain_3"
"357",3938,7067,"domain_2"
"358",6953,7495,"domain_3"
"359",6698,5330,"domain_4"
"360",4183,3457,"domain_3"
"361",2806,6419,"domain_2"
"362",5953,10673,"domain_1"
"363",9337,5687,"domain_2"
"364",9971,9368,"domain_1"
"365",3562,7429,"domain_2"
"366",10719,6046,"domain_2"
"367",9711,3737,"domain_3"
"368",4940,5477,"domain_2"
"369",9338,6553,"domain_1"
"370",8088,10020,"domain_1"
"371",6581,10311,"domain_1"
"372",9837,4098,"domain_2"
"373",3562,7862,"domain_2"
"374",9211,5471,"domain_2"
"375",2678,4903,"domain_5"
"376",9342,8719,"domain_1"
"377",4943,7499,"domain_3"
"378",2931,5625,"domain_2"
"379",10213,3736,"domain_2"
"380",9712,4603,"domain_2"
"381",7701,3740,"domain_3"
"382",5827,10024,"domain_1"
"383",8963,7492,"domain_1"
"384",7832,7566,"domain_1"
"385",4057,3241,"domain_2"
"386",7953,4173,"domain_2"
"387",6326,8146,"domain_3"
"388",5187,2589,"domain_3"
"389",7080,8145,"domain_2"
"390",6325,7569,"domain_3"
"391",8966,9225,"domain_1"
"392",7708,8505,"domain_1"
"393",10340,4675,"domain_6"
"394",3813,7573,"domain_2"
"395",8454,3162,"domain_3"
"396",10971,6334,"other"
"397",5572,8147,"domain_3"
"398",5191,5332,"domain_2"
"399",3055,5119,"domain_2"
"400",5947,6486,"domain_3"
"401",5571,7137,"domain_3"
"402",3432,4758,"domain_2"
"403",3188,9378,"domain_2"
"404",9090,8142,"domain_1"
"405",3557,4830,"domain_2"
"406",6327,9012,"domain_2"
"407",6574,6269,"domain_4"
"408",7584,9010,"domain_1"
"409",8211,8360,"domain_1"
"410",8955,2728,"domain_3"
"411",9467,8646,"domain_1"
"412",5195,7931,"domain_2"
"413",7079,7712,"domain_3"
"414",2304,6564,"domain_2"
"415",5443,6054,"domain_3"
"416",7323,3236,"domain_3"
"417",8339,10309,"domain_1"
"418",5827,10168,"domain_1"
"419",5319,6993,"domain_3"
"420",6695,3309,"domain_3"
"421",9459,3449,"domain_2"
"422",9458,3160,"domain_2"
"423",5195,7787,"domain_3"
"424",6578,8868,"domain_2"
"425",8329,3523,"domain_3"
"426",7076,5690,"domain_4"
"427",9843,8141,"domain_1"
"428",7828,4534,"domain_3"
"429",6444,3309,"domain_3"
"430",5826,9591,"domain_2"
"431",3933,4179,"domain_2"
"432",4560,3384,"domain_3"
"433",2680,5914,"domain_2"
"434",8202,3162,"domain_2"
"435",4562,4539,"domain_2"
"436",7958,7205,"domain_2"
"437",5067,6560,"domain_3"
"438",8214,10525,"domain_1"
"439",6947,3742,"domain_3"
"440",7961,9515,"domain_1"
"441",8456,4894,"domain_3"
"442",5318,5838,"domain_3"
"443",9714,5758,"domain_2"
"444",10341,4963,"domain_6"
"445",5071,8870,"domain_2"
"446",9084,4965,"domain_2"
"447",6822,3814,"domain_3"
"448",5440,3888,"domain_3"
"449",3812,7139,"domain_2"
"450",4813,4539,"domain_2"
"451",3053,3676,"domain_5"
"452",8213,9803,"domain_1"
"453",2178,6204,"domain_2"
"454",7837,10165,"domain_1"
"455",5820,5692,"domain_3"
"456",6824,5258,"domain_4"
"457",3683,5046,"domain_2"
"458",7583,8433,"domain_1"
"459",9842,7707,"domain_1"
"460",4444,9521,"domain_2"
"461",5446,7931,"domain_3"
"462",4439,6489,"domain_2"
"463",3565,9594,"domain_2"
"464",6078,10168,"domain_1"
"465",9083,4243,"domain_3"
"466",7825,2946,"domain_3"
"467",6323,6414,"domain_3"
"468",8454,3450,"domain_3"
"469",9340,7708,"domain_1"
"470",6956,9228,"domain_1"
"471",8832,3955,"domain_3"
"472",10340,4386,"domain_6"
"473",5194,7209,"domain_3"
"474",6068,3959,"domain_3"
"475",8462,8359,"domain_1"
"476",5693,5043,"domain_3"
"477",9842,7419,"domain_1"
"478",8836,6698,"domain_1"
"479",8212,9370,"domain_1"
"480",8455,3884,"domain_3"
"481",4565,6272,"domain_2"
"482",9841,6697,"domain_1"
"483",9719,8935,"domain_1"
"484",4693,8365,"domain_2"
"485",10721,7201,"domain_1"
"486",7074,4391,"domain_3"
"487",10343,6407,"domain_1"
"488",9837,4387,"domain_2"
"489",9463,6048,"domain_2"
"490",3687,7212,"domain_2"
"491",10214,4603,"domain_2"
"492",3942,9955,"domain_2"
"493",6443,2732,"domain_2"
"494",8078,4101,"domain_2"
"495",8077,3523,"domain_2"
"496",4435,3601,"domain_3"
"497",8206,5183,"domain_3"
"498",3937,6778,"domain_2"
"499",4942,6488,"domain_3"
"500",10339,4097,"domain_2"
"501",8961,6482,"domain_1"
"502",4820,9159,"domain_2"
"503",9590,6986,"domain_1"
"504",8077,3379,"domain_2"
"505",3432,5191,"domain_2"
"506",10093,7274,"domain_1"
"507",2803,4253,"domain_5"
"508",2553,5120,"domain_5"
"509",7456,7639,"domain_2"
"510",9461,4893,"domain_2"
"511",9844,8718,"domain_1"
"512",4444,9665,"domain_2"
"513",3813,7861,"domain_2"
"514",8337,8720,"domain_1"
"515",6577,8001,"domain_3"
"516",4066,8872,"domain_2"
"517",6706,10239,"domain_1"
"518",6950,5763,"domain_4"
"519",4317,8582,"domain_2"
"520",8581,4533,"domain_2"
"521",2429,5914,"domain_2"
"522",6948,4175,"domain_3"
"523",9465,7203,"domain_1"
"524",7206,8650,"domain_1"
"525",3809,5262,"domain_2"
"526",7202,5762,"domain_4"
"527",4067,9593,"domain_2"
"528",8338,9587,"domain_1"
"529",8460,7204,"domain_1"
"530",7584,9444,"domain_1"
"531",7826,3668,"domain_2"
"532",5071,8726,"domain_2"
"533",9212,6048,"domain_2"
"534",7961,9660,"domain_1"
"535",5317,5260,"domain_2"
"536",2927,3604,"domain_5"
"537",3686,6490,"domain_2"
"538",7451,4318,"domain_3"
"539",9593,8863,"domain_1"
"540",9208,3738,"domain_3"
"541",5064,4683,"domain_2"
"542",8081,5544,"domain_3"
"543",4812,3817,"domain_3"
"544",3438,8945,"domain_2"
"545",2303,5842,"domain_2"
"546",6330,10456,"domain_1"
"547",8710,6338,"domain_2"
"548",5451,10674,"domain_1"
"549",7324,3958,"domain_3"
"550",3936,5768,"domain_2"
"551",6199,7208,"domain_3"
"552",10341,5397,"domain_6"
"553",6454,9518,"domain_1"
"554",9964,4892,"domain_2"
"555",6076,9157,"domain_2"
"556",5439,3311,"domain_3"
"557",10467,5757,"domain_2"
"558",5574,8869,"domain_2"
"559",5948,7064,"domain_3"
"560",3433,5480,"domain_2"
"561",3311,8007,"domain_2"
"562",9713,5037,"domain_2"
"563",6195,4753,"domain_3"
"564",6204,10384,"domain_1"
"565",7576,3957,"domain_3"
"566",5073,10025,"domain_2"
"567",9841,6552,"domain_1"
"568",6445,3742,"domain_3"
"569",7210,10816,"domain_1"
"570",10086,3087,"domain_2"
"571",4567,7860,"domain_2"
"572",6953,7351,"domain_3"
"573",3812,6851,"domain_2"
"574",5450,10385,"domain_1"
"575",6193,3310,"domain_3"
"576",4944,8220,"domain_2"
"577",8839,8864,"domain_1"
"578",10595,6984,"domain_1"
"579",3816,9594,"domain_2"
"580",3434,6202,"domain_2"
"581",4939,4900,"domain_2"
"582",9840,5975,"domain_2"
"583",9084,4388,"domain_3"
"584",9087,6265,"domain_1"
"585",10215,5036,"domain_6"
"586",6951,5907,"domain_4"
"587",7835,9010,"domain_1"
"588",8715,9658,"domain_1"
"589",2552,4687,"domain_5"
"590",3808,4541,"domain_2"
"591",7082,9733,"domain_1"
"592",3941,9233,"domain_2"
"593",6579,9012,"domain_1"
"594",4940,5333,"domain_2"
"595",7702,4173,"domain_3"
"596",6832,10600,"domain_1"
"597",9969,8357,"domain_1"
"598",8965,9080,"domain_1"
"599",8205,4606,"domain_3"
"600",5451,10530,"domain_1"
"601",8582,4677,"domain_2"
"602",4058,3963,"domain_2"
"603",4817,7282,"domain_2"
"604",10220,8068,"domain_1"
"605",7334,9877,"domain_1"
"606",7328,6268,"domain_4"
"607",10089,4531,"domain_2"
"608",6201,8796,"domain_2"
"609",5450,9952,"domain_2"
"610",9216,8936,"domain_1"
"611",7453,6051,"domain_4"
"612",5950,8796,"domain_2"
"613",8338,9442,"domain_1"
"614",7578,5545,"domain_3"
"615",9468,9080,"domain_1"
"616",6955,8939,"domain_1"
"617",4821,9304,"domain_2"
"618",9593,8718,"domain_1"
"619",6821,3381,"domain_3"
"620",7700,3163,"domain_2"
"621",6192,3021,"domain_3"
"622",3941,9377,"domain_2"
"623",3555,3242,"domain_5"
"624",4436,4179,"domain_2"
"625",6825,5691,"domain_4"
"626",3814,8294,"domain_2"
"627",8204,4317,"domain_3"
"628",4811,3095,"domain_2"
"629",5063,3528,"domain_3"
"630",3690,8944,"domain_2"
"631",4308,3096,"domain_3"
"632",5569,6126,"domain_3"
"633",7204,7206,"domain_3"
"634",3430,3891,"domain_5"
"635",3054,4397,"domain_2"
"636",9967,7057,"domain_1"
"637",3807,3819,"domain_2"
"638",3310,6996,"domain_2"
"639",9089,7853,"domain_1"
"640",7836,9876,"domain_1"
"641",7702,4751,"domain_3"
"642",2177,5770,"domain_2"
"643",7706,6917,"domain_2"
"644",8967,10235,"domain_1"
"645",6072,6125,"domain_3"
"646",6572,4536,"domain_3"
"647",6201,8363,"domain_3"
"648",4944,7932,"domain_2"
"649",8084,7710,"domain_1"
"650",5198,9953,"domain_2"
"651",6330,10312,"domain_1"
"652",7579,6267,"domain_3"
"653",3807,3674,"domain_2"
"654",7706,7061,"domain_2"
"655",4060,4685,"domain_2"
"656",9466,8069,"domain_1"
"657",9842,7130,"domain_1"
"658",8838,7709,"domain_1"
"659",6195,4609,"domain_3"
"660",2932,6491,"domain_2"
"661",9088,7131,"domain_1"
"662",6829,8145,"domain_3"
"663",8832,4099,"domain_2"
"664",4568,8438,"domain_2"
"665",5942,3310,"domain_3"
"666",8713,8070,"domain_1"
"667",7710,9227,"domain_1"
"668",9716,7058,"domain_1"
"669",9218,10091,"domain_1"
"670",4440,6922,"domain_2"
"671",2929,4325,"domain_5"
"672",9090,8575,"domain_1"
"673",5565,3238,"domain_3"
"674",5323,9158,"domain_2"
"675",5945,5764,"domain_4"
"676",5067,5982,"domain_3"
"677",5197,9231,"domain_2"
"678",9594,9585,"domain_1"
"679",4058,3530,"domain_3"
"680",3806,3241,"domain_2"
"681",7200,4896,"domain_3"
"682",4947,9520,"domain_2"
"683",4441,7644,"domain_2"
"684",5320,7137,"domain_3"
"685",2682,7358,"domain_2"
"686",6952,6629,"domain_3"
"687",6580,9878,"domain_1"
"688",9088,7420,"domain_1"
"689",8587,7854,"domain_1"
"690",10096,9295,"domain_1"
"691",7950,2585,"domain_2"
"692",9710,3304,"domain_2"
"693",6455,10095,"domain_1"
"694",8830,2944,"domain_3"
"695",6581,10456,"domain_1"
"696",9091,9152,"domain_1"
"697",4192,8799,"domain_2"
"698",6199,6919,"domain_3"
"699",10720,6479,"domain_2"
"700",6203,9518,"domain_1"
"701",7327,5401,"domain_4"
"702",8210,8071,"domain_1"
"703",3184,6779,"domain_2"
"704",4060,4829,"domain_2"
"705",5695,6487,"domain_3"
"706",7711,10237,"domain_1"
"707",7954,4895,"domain_3"
"708",5948,7208,"domain_3"
"709",9460,3882,"domain_3"
"710",4317,8438,"domain_2"
"711",7577,5112,"domain_3"
"712",4441,7355,"domain_2"
"713",7327,5546,"domain_4"
"714",8965,8792,"domain_1"
"715",7952,3596,"domain_2"
"716",4694,8798,"domain_2"
"717",6701,6774,"domain_3"
"718",4940,5189,"domain_2"
"719",7200,4463,"domain_3"
"720",6318,2948,"domain_3"
"721",9591,7708,"domain_1"
"722",8082,6266,"domain_3"
"723",6825,5835,"domain_4"
"724",9585,3521,"domain_2"
"725",10720,6623,"domain_1"
"726",7328,5979,"domain_4"
"727",6571,4392,"domain_3"
"728",7453,5906,"domain_4"
"729",2554,5698,"domain_2"
"730",7204,7062,"domain_3"
"731",4691,6921,"domain_2"
"732",4942,6632,"domain_3"
"733",7460,10093,"domain_1"
"734",4697,10531,"domain_2"
"735",8336,7999,"domain_1"
"736",4318,9449,"domain_2"
"737",6067,3093,"domain_3"
"738",5438,2733,"domain_3"
"739",2927,3459,"domain_5"
"740",9711,4170,"domain_2"
"741",9092,9586,"domain_1"
"742",8711,7348,"domain_1"
"743",10219,7201,"domain_1"
"744",3813,7717,"domain_2"
"745",7838,10887,"domain_1"
"746",9713,5470,"domain_2"
"747",3806,3386,"domain_2"
"748",5449,9808,"domain_2"
"749",10218,6624,"domain_1"
"750",9465,7491,"domain_1"
"751",5070,8004,"domain_2"
"752",3686,6634,"domain_2"
"753",5066,5694,"domain_2"
"754",5576,10313,"domain_1"
"755",4564,5839,"domain_2"
"756",5564,2805,"domain_3"
"757",3812,6706,"domain_2"
"758",8330,4678,"domain_3"
"759",9714,5614,"domain_2"
"760",7835,8866,"domain_1"
"761",4939,5044,"domain_2"
"762",3811,6418,"domain_2"
"763",7328,6123,"domain_4"
"764",4308,2952,"domain_2"
"765",9207,3305,"domain_3"
"766",5192,5766,"domain_2"
"767",4943,7210,"domain_2"
"768",2304,6276,"domain_2"
"769",7207,9083,"domain_1"
"770",5698,7931,"domain_3"
"771",4191,8510,"domain_2"
"772",6200,7641,"domain_3"
"773",7836,10021,"domain_1"
"774",4436,4612,"domain_2"
"775",9341,7997,"domain_1"
"776",8453,3017,"domain_3"
"777",6325,7280,"domain_3"
"778",4191,8222,"domain_2"
"779",5194,6921,"domain_3"
"780",9836,3809,"domain_2"
"781",5941,3166,"domain_3"
"782",9461,4748,"domain_2"
"783",7458,9083,"domain_1"
"784",9837,4242,"domain_2"
"785",7457,8650,"domain_1"
"786",5828,10601,"domain_1"
"787",10093,7129,"domain_1"
"788",10345,7707,"domain_1"
"789",4057,2808,"domain_2"
"790",7576,4101,"domain_3"
"791",4691,6633,"domain_2"
"792",7707,7639,"domain_1"
"793",2430,6781,"domain_2"
"794",3683,4613,"domain_2"
"795",3806,3097,"domain_2"
"796",6068,3526,"domain_3"
"797",9965,5902,"domain_2"
"798",7203,6773,"domain_3"
"799",4182,2591,"domain_2"
"800",4566,7283,"domain_2"
"801",4693,8221,"domain_2"
"802",3561,7284,"domain_2"
"803",3187,8801,"domain_2"
"804",8088,10309,"domain_1"
"805",6823,4680,"domain_3"
"806",4061,5695,"domain_2"
"807",4570,9737,"domain_2"
"808",4947,10097,"domain_2"
"809",4187,6056,"domain_2"
"810",6451,7641,"domain_3"
"811",4065,8150,"domain_2"
"812",5953,10818,"domain_1"
"813",10469,6624,"domain_1"
"814",2681,6925,"domain_2"
"815",10087,3376,"domain_2"
"816",4439,6344,"domain_2"
"817",9210,5182,"domain_2"
"818",9092,9730,"domain_1"
"819",8837,7420,"domain_1"
"820",4319,9593,"domain_2"
"821",5190,4322,"domain_3"
"822",7580,6845,"domain_3"
"823",9468,8935,"domain_1"
"824",5064,4250,"domain_3"
"825",4689,5333,"domain_2"
"826",3054,4253,"domain_5"
"827",6320,4392,"domain_4"
"828",7083,10455,"domain_1"
"829",3183,6202,"domain_2"
"830",5695,6054,"domain_3"
"831",3305,4108,"domain_5"
"832",8328,3090,"domain_3"
"833",5952,9663,"domain_1"
"834",10214,4314,"domain_2"
"835",9844,8574,"domain_1"
"836",8213,9659,"domain_1"
"837",6196,5620,"domain_3"
"838",8590,9875,"domain_1"
"839",3308,6274,"domain_2"
"840",4936,2734,"domain_2"
"841",6203,9951,"domain_1"
"842",3689,8656,"domain_2"
"843",10720,6334,"domain_2"
"844",3560,6274,"domain_2"
"845",5568,5260,"domain_3"
"846",5702,10529,"domain_1"
"847",3563,8150,"domain_2"
"848",8708,5038,"domain_2"
"849",8456,4750,"domain_3"
"850",9081,2511,"domain_2"
"851",6829,8578,"domain_2"
"852",4190,7644,"domain_2"
"853",6317,2515,"domain_3"
"854",10596,7562,"domain_1"
"855",7704,5906,"domain_3"
"856",5568,5404,"domain_3"
"857",3185,7935,"domain_2"
"858",7460,10527,"domain_1"
"859",8833,4677,"domain_3"
"860",7325,4246,"domain_3"
"861",7454,6340,"domain_3"
"862",3436,7357,"domain_2"
"863",9469,9946,"domain_1"
"864",4313,6128,"domain_2"
"865",4061,5262,"domain_2"
"866",3688,8222,"domain_2"
"867",4061,5840,"domain_2"
"868",9212,6481,"domain_1"
"869",2930,5480,"domain_2"
"870",7582,7855,"domain_1"
"871",7458,8938,"domain_1"
"872",5819,5259,"domain_3"
"873",4064,7283,"domain_2"
"874",8586,7709,"domain_1"
"875",6827,7423,"domain_3"
"876",6079,10457,"domain_1"
"877",10468,6335,"domain_1"
"878",2555,6420,"domain_2"
"879",6830,9300,"domain_1"
"880",5070,7859,"domain_2"
"881",6821,3236,"domain_3"
"882",8583,5399,"domain_2"
"883",2802,3820,"domain_5"
"884",3313,8873,"domain_2"
"885",3556,4252,"domain_2"
"886",8588,8431,"domain_1"
"887",5322,8725,"domain_2"
"888",2555,6564,"domain_2"
"889",6456,10817,"domain_1"
"890",5445,7209,"domain_3"
"891",8830,2800,"domain_3"
"892",6450,7063,"domain_3"
"893",10213,3592,"domain_2"
"894",7077,6124,"domain_4"
"895",8716,9947,"domain_1"
"896",7712,10815,"domain_1"
"897",4939,4467,"domain_2"
"898",5951,8941,"domain_2"
"899",9837,3954,"domain_2"
"900",5696,6775,"domain_3"
"901",4314,6850,"domain_2"
"902",8966,9514,"domain_1"
"903",9590,6842,"domain_1"
"904",7707,7783,"domain_1"
"905",9336,5254,"domain_2"
"906",8964,7925,"domain_1"
"907",6576,7135,"domain_3"
"908",3053,3820,"domain_5"
"909",4066,9016,"domain_2"
"910",7334,10310,"domain_1"
"911",8579,2800,"domain_3"
"912",6821,3092,"domain_3"
"913",9334,4099,"domain_2"
"914",3184,6924,"domain_2"
"915",6204,10095,"domain_1"
"916",3935,5623,"domain_2"
"917",4317,8727,"domain_2"
"918",8457,5327,"domain_3"
"919",8839,8287,"domain_1"
"920",8078,3668,"domain_3"
"921",2805,5408,"domain_2"
"922",3061,8584,"domain_2"
"923",5193,6776,"domain_3"
"924",2933,7357,"domain_2"
"925",10087,3664,"domain_2"
"926",8339,10020,"domain_1"
"927",8457,5183,"domain_3"
"928",7702,4607,"domain_3"
"929",3933,4324,"domain_2"
"930",4316,7716,"domain_2"
"931",4064,7572,"domain_2"
"932",4819,8582,"domain_2"
"933",7208,9949,"domain_1"
"934",5944,4609,"domain_3"
"935",2178,6059,"domain_2"
"936",4818,7715,"domain_2"
"937",5694,5620,"domain_3"
"938",7082,9589,"domain_1"
"939",5690,3310,"domain_3"
"940",7954,5184,"domain_3"
"941",6452,8362,"domain_3"
"942",8714,9081,"domain_1"
"943",6197,6197,"domain_3"
"944",2432,7936,"domain_2"
"945",6701,6630,"domain_3"
"946",3185,7646,"domain_2"
"947",8833,5110,"domain_3"
"948",3689,8800,"domain_2"
"949",7833,7855,"domain_1"
"950",6193,3454,"domain_3"
"951",10468,5902,"domain_2"
"952",9218,9802,"domain_1"
"953",9966,6191,"domain_1"
"954",4187,5623,"domain_2"
"955",6071,5981,"domain_4"
"956",4437,4756,"other"
"957",3555,3530,"domain_5"
"958",8462,8648,"domain_1"
"959",8458,6194,"domain_2"
"960",5700,9663,"domain_2"
"961",8081,6122,"domain_3"
"962",8208,6627,"domain_2"
"963",5069,7571,"domain_3"
"964",8584,5977,"domain_2"
"965",2934,7502,"domain_2"
"966",5066,5838,"domain_2"
"967",10213,3881,"domain_2"
"968",4571,10315,"domain_2"
"969",8706,3739,"domain_3"
"970",8327,2656,"domain_3"
"971",5321,8148,"domain_2"
"972",8087,9732,"domain_1"
"973",9591,7852,"domain_1"
"974",3187,8656,"domain_2"
"975",4693,8077,"domain_2"
"976",3690,9378,"domain_2"
"977",8457,5616,"domain_3"
"978",6443,2876,"domain_3"
"979",5947,6775,"domain_3"
"980",5323,9014,"domain_2"
"981",3559,5552,"domain_2"
"982",7827,4101,"domain_3"
"983",5818,4537,"domain_3"
"984",3438,8656,"domain_2"
"985",7329,6845,"domain_3"
"986",9970,8646,"domain_1"
"987",6699,5619,"domain_4"
"988",8833,4533,"domain_3"
"989",7958,7783,"domain_1"
"990",4193,9810,"domain_2"
"991",4436,4323,"domain_2"
"992",4319,9882,"domain_2"
"993",7827,3812,"domain_2"
"994",3931,2591,"domain_2"
"995",4946,9087,"domain_2"
"996",4947,9664,"domain_2"
"997",7448,2730,"domain_2"
"998",2552,4543,"domain_5"
"999",7078,7279,"domain_3"
"1000",4945,8509,"domain_2"
"1001",3807,4107,"domain_2"
"1002",3684,5190,"domain_2"
"1003",8337,9154,"domain_1"
"1004",5444,6198,"domain_3"
"1005",5064,4394,"domain_3"
"1006",10468,6046,"domain_2"
"1007",6328,9301,"domain_1"
"1008",9089,7709,"domain_1"
"1009",7072,3525,"domain_3"
"1010",2554,5842,"domain_2"
"1011",3432,5047,"domain_2"
"1012",8829,2511,"domain_2"
"1013",9464,6481,"domain_1"
"1014",6446,4753,"domain_4"
"1015",9963,4747,"domain_2"
"1016",6701,7063,"domain_3"
"1017",6323,5980,"domain_4"
"1018",6456,10673,"domain_1"
"1019",10343,6263,"domain_1"
"1020",5064,4105,"domain_3"
"1021",8583,5544,"domain_2"
"1022",3688,8078,"domain_2"
"1023",4187,5767,"domain_2"
"1024",9970,9223,"domain_1"
"1025",7451,4751,"domain_3"
"1026",4068,9882,"domain_2"
"1027",7203,6484,"domain_3"
"1028",7827,4245,"domain_3"
"1029",3680,3025,"domain_2"
"1030",3185,7501,"domain_2"
"1031",8338,9298,"domain_1"
"1032",10088,3809,"domain_2"
"1033",3681,3602,"domain_2"
"1034",8589,9153,"domain_1"
"1035",3559,5696,"domain_2"
"1036",7077,6701,"domain_3"
"1037",4685,3312,"domain_3"
"1038",4068,9738,"domain_2"
"1039",5313,3094,"domain_3"
"1040",6454,9662,"domain_1"
"1041",3182,5624,"domain_2"
"1042",6832,10167,"domain_1"
"1043",9215,8214,"domain_1"
"1044",4441,7499,"domain_2"
"1045",7459,9949,"domain_1"
"1046",2557,7575,"domain_2"
"1047",7199,4030,"domain_3"
"1048",5072,9592,"domain_2"
"1049",3687,7067,"domain_2"
"1050",10844,5829,"domain_6"
"1051",3309,6851,"domain_2"
"1052",8715,9803,"domain_1"
"1053",3937,6634,"domain_2"
"1054",4684,2590,"domain_2"
"1055",8839,8431,"domain_1"
"1056",4443,8654,"domain_2"
"1057",7456,7783,"domain_2"
"1058",9207,3016,"domain_3"
"1059",5069,7282,"domain_3"
"1060",8588,9009,"domain_1"
"1061",7960,8649,"domain_1"
"1062",4189,7211,"domain_2"
"1063",10215,4747,"domain_2"
"1064",5067,6271,"domain_3"
"1065",3305,3819,"domain_5"
"1066",6319,3382,"domain_3"
"1067",3430,3603,"domain_5"
"1068",4945,8654,"domain_2"
"1069",3808,4396,"domain_2"
"1070",8081,5978,"domain_3"
"1071",4564,5983,"domain_2"
"1072",2176,5193,"domain_5"
"1073",10216,5469,"domain_6"
"1074",5693,5187,"domain_3"
"1075",8333,6266,"domain_3"
"1076",4314,6994,"domain_2"
"1077",5948,7641,"domain_3"
"1078",3559,5985,"domain_2"
"1079",3555,3097,"domain_5"
"1080",5312,2517,"domain_3"
"1081",6071,5548,"domain_3"
"1082",3563,8584,"domain_2"
"1083",6448,6052,"domain_4"
"1084",4192,9232,"domain_2"
"1085",4313,5839,"domain_2"
"1086",5448,8653,"domain_2"
"1087",6700,6052,"domain_4"
"1088",2803,4542,"domain_5"
"1089",7835,9154,"domain_1"
"1090",8704,2872,"domain_3"
"1091",8332,5400,"domain_3"
"1092",6451,7929,"domain_3"
"1093",6958,10383,"domain_1"
"1094",3939,7933,"domain_2"
"1095",7702,4462,"domain_3"
"1096",10717,4746,"domain_6"
"1097",6204,10240,"domain_1"
"1098",6696,4031,"domain_3"
"1099",9093,10163,"domain_1"
"1100",8331,5111,"domain_3"
"1101",4687,4034,"domain_3"
"1102",5322,8581,"domain_2"
"1103",6450,7207,"domain_3"
"1104",2930,5047,"domain_2"
"1105",9716,7202,"domain_1"
"1106",6445,4031,"domain_4"
"1107",5440,3744,"domain_3"
"1108",5193,6343,"domain_3"
"1109",5197,9086,"domain_2"
"1110",7072,3092,"domain_3"
"1111",3054,4109,"domain_5"
"1112",4820,8726,"domain_2"
"1113",9213,6770,"domain_1"
"1114",3562,8006,"domain_2"
"1115",8202,2873,"domain_3"
"1116",5575,9880,"domain_2"
"1117",5815,2516,"domain_3"
"1118",9332,2799,"domain_3"
"1119",4063,6995,"domain_2"
"1120",3681,3747,"domain_2"
"1121",8464,9947,"domain_1"
"1122",3178,3314,"domain_5"
"1123",3558,5263,"domain_2"
"1124",8083,6988,"domain_2"
"1125",6580,9590,"domain_1"
"1126",2679,5481,"domain_2"
"1127",8841,9586,"domain_1"
"1128",6198,6342,"domain_3"
"1129",4438,5622,"domain_2"
"1130",5817,4104,"domain_2"
"1131",10340,4530,"domain_6"
"1132",5820,5548,"domain_3"
"1133",5945,5331,"domain_3"
"1134",8712,7637,"domain_1"
"1135",6076,8868,"domain_2"
"1136",7200,5041,"domain_3"
"1137",2808,7285,"domain_2"
"1138",2303,6131,"domain_2"
"1139",9336,5398,"domain_2"
"1140",6698,4897,"domain_4"
"1141",7950,2729,"domain_3"
"1142",4445,10098,"domain_2"
"1143",8328,3378,"domain_3"
"1144",7080,8434,"domain_1"
"1145",7449,3308,"domain_3"
"1146",4316,7861,"domain_2"
"1147",7837,10309,"domain_1"
"1148",7958,7349,"domain_1"
"1149",4186,5478,"domain_2"
"1150",4184,4179,"domain_2"
"1151",9966,6624,"domain_1"
"1152",4938,4033,"domain_3"
"1153",8454,3739,"domain_3"
"1154",6823,4536,"domain_3"
"1155",8959,5327,"domain_2"
"1156",4690,6200,"domain_2"
"1157",7323,2802,"domain_2"
"1158",8339,10164,"domain_1"
"1159",7699,2730,"domain_2"
"1160",3054,3964,"domain_5"
"1161",9335,4243,"domain_2"
"1162",4308,2807,"domain_2"
"1163",3810,5696,"domain_2"
"1164",8088,10165,"domain_1"
"1165",10466,4602,"domain_6"
"1166",5694,5332,"domain_3"
"1167",6570,3381,"domain_3"
"1168",3556,3675,"domain_5"
"1169",6947,3886,"domain_3"
"1170",6069,4248,"domain_3"
"1171",7699,2874,"domain_2"
"1172",2557,7719,"domain_2"
"1173",3304,3242,"domain_5"
"1174",8082,6555,"domain_3"
"1175",3934,4468,"domain_2"
"1176",7324,3813,"domain_3"
"1177",7958,7638,"domain_1"
"1178",9458,2871,"domain_2"
"1179",4561,4106,"domain_3"
"1180",3807,3530,"domain_2"
"1181",5943,4032,"domain_2"
"1182",8581,4389,"domain_2"
"1183",3439,9522,"domain_2"
"1184",7586,10599,"domain_1"
"1185",2556,6997,"domain_2"
"1186",6454,9806,"domain_1"
"1187",6571,3959,"domain_4"
"1188",6326,8002,"domain_3"
"1189",5315,4394,"domain_3"
"1190",8837,7276,"domain_1"
"1191",2305,7286,"other"
"1192",8580,3378,"domain_3"
"1193",3434,6490,"domain_2"
"1194",3690,9522,"domain_2"
"1195",7197,3019,"domain_3"
"1196",6695,3164,"domain_3"
"1197",9709,2726,"domain_2"
"1198",8206,5761,"domain_3"
"1199",5818,4393,"domain_3"
"1200",5566,4105,"domain_3"
"1201",7455,7061,"domain_3"
"1202",9720,9657,"domain_1"
"1203",7703,5040,"domain_3"
"1204",5200,10675,"domain_2"
"1205",4813,4828,"domain_2"
"1206",9087,6554,"domain_1"
"1207",6204,10529,"domain_1"
"1208",9081,2655,"domain_2"
"1209",3560,6562,"domain_2"
"1210",7700,3307,"domain_2"
"1211",3811,6273,"domain_2"
"1212",5823,8003,"domain_3"
"1213",10590,3952,"domain_2"
"1214",6327,8724,"domain_2"
"1215",6572,4825,"domain_4"
"1216",6581,10745,"domain_1"
"1217",8834,5543,"domain_2"
"1218",5949,8075,"domain_2"
"1219",3306,4975,"domain_2"
"1220",9343,9441,"domain_1"
"1221",9344,10018,"domain_1"
"1222",8456,4461,"domain_3"
"1223",10338,3520,"domain_2"
"1224",3308,5985,"domain_2"
"1225",4822,10170,"domain_2"
"1226",7829,5112,"domain_3"
"1227",4317,8871,"domain_2"
"1228",6822,4103,"domain_3"
"1229",3563,8439,"domain_2"
"1230",7079,7423,"domain_3"
"1231",7960,8938,"domain_1"
"1232",4444,9232,"domain_2"
"1233",8205,4895,"domain_3"
"1234",3809,4829,"domain_2"
"1235",5192,6054,"domain_3"
"1236",6327,8868,"domain_2"
"1237",8203,3306,"domain_2"
"1238",3311,7718,"domain_2"
"1239",8713,8359,"domain_1"
"1240",8709,5760,"domain_2"
"1241",9333,3232,"domain_3"
"1242",9589,6264,"domain_1"
"1243",4191,8077,"domain_2"
"1244",6455,10528,"domain_1"
"1245",9586,4243,"domain_2"
"1246",5446,7498,"domain_3"
"1247",10344,7418,"domain_1"
"1248",9594,9152,"domain_1"
"1249",8327,2512,"domain_2"
"1250",3935,5046,"domain_2"
"1251",5324,9880,"domain_2"
"1252",5198,9520,"domain_2"
"1253",3055,4686,"domain_2"
"1254",2933,7069,"domain_2"
"1255",5944,4898,"domain_3"
"1256",10213,3448,"domain_2"
"1257",6569,3092,"domain_3"
"1258",9594,9440,"domain_1"
"1259",3687,7645,"domain_2"
"1260",4065,7861,"domain_2"
"1261",4444,9376,"domain_2"
"1262",8962,6770,"domain_1"
"1263",6955,8650,"domain_1"
"1264",5816,3238,"domain_3"
"1265",10592,5252,"domain_6"
"1266",4693,7788,"domain_2"
"1267",10214,4458,"domain_2"
"1268",8330,4389,"domain_3"
"1269",6070,5115,"domain_3"
"1270",3688,7934,"domain_2"
"1271",8460,6916,"domain_1"
"1272",6452,8651,"domain_2"
"1273",4692,7643,"domain_2"
"1274",4182,2735,"domain_2"
"1275",7455,6917,"domain_3"
"1276",10717,4891,"domain_6"
"1277",6193,3165,"domain_3"
"1278",2802,3965,"domain_5"
"1279",5816,3527,"domain_3"
"1280",5067,6127,"domain_3"
"1281",6707,10672,"domain_1"
"1282",5443,5621,"domain_3"
"1283",9214,7492,"domain_1"
"1284",6447,5475,"domain_3"
"1285",6822,4247,"domain_3"
"1286",5446,7353,"domain_3"
"1287",6330,10745,"domain_1"
"1288",6324,6991,"domain_3"
"1289",6066,2660,"domain_3"
"1290",9091,9297,"domain_1"
"1291",9463,5903,"domain_2"
"1292",10469,6912,"domain_1"
"1293",7198,3597,"domain_3"
"1294",4190,7789,"domain_2"
"1295",8716,10380,"domain_1"
"1296",10845,5973,"domain_2"
"1297",9086,6120,"domain_2"
"1298",4946,9376,"domain_2"
"1299",9081,2944,"domain_3"
"1300",3186,8079,"domain_2"
"1301",6949,4897,"domain_3"
"1302",8087,9443,"domain_1"
"1303",7956,6050,"domain_3"
"1304",3562,7573,"domain_2"
"1305",7701,3596,"domain_3"
"1306",5941,2732,"domain_3"
"1307",4194,10099,"domain_2"
"1308",10087,3520,"domain_2"
"1309",5944,5043,"domain_3"
"1310",9586,4098,"domain_2"
"1311",9585,3954,"domain_3"
"1312",9715,6625,"domain_1"
"1313",7207,9372,"domain_1"
"1314",7584,9299,"domain_1"
"1315",6322,5547,"domain_3"
"1316",2807,7141,"domain_2"
"1317",7826,3379,"domain_2"
"1318",7573,2513,"domain_2"
"1319",8077,3234,"domain_2"
"1320",4694,8943,"domain_2"
"1321",5953,10385,"domain_1"
"1322",7203,6917,"domain_3"
"1323",5446,7787,"domain_3"
"1324",7448,3019,"domain_2"
"1325",9844,8862,"domain_1"
"1326",8841,10019,"domain_1"
"1327",7084,10888,"other"
"1328",4687,4323,"domain_2"
"1329",3308,5841,"domain_2"
"1330",3938,7356,"domain_2"
"1331",3556,4108,"domain_5"
"1332",5446,7642,"domain_3"
"1333",6577,8146,"domain_3"
"1334",9841,6841,"domain_1"
"1335",7452,5040,"domain_3"
"1336",8707,4605,"domain_2"
"1337",3056,5264,"domain_2"
"1338",5196,8653,"domain_2"
"1339",6453,9229,"domain_1"
"1340",7210,10960,"other"
"1341",6825,5980,"domain_4"
"1342",10087,3231,"domain_2"
"1343",10096,8862,"domain_1"
"1344",2678,5048,"domain_5"
"1345",6574,6124,"domain_4"
"1346",10090,5397,"domain_6"
"1347",7576,4246,"domain_3"
"1348",4570,9448,"domain_2"
"1349",9082,3377,"domain_3"
"1350",8836,6987,"domain_1"
"1351",8963,7781,"domain_1"
"1352",5191,5188,"domain_2"
"1353",4810,2518,"domain_2"
"1354",4688,4900,"domain_2"
"1355",5317,5693,"domain_2"
"1356",5064,4539,"domain_2"
"1357",6704,8795,"domain_2"
"1358",10340,4819,"domain_6"
"1359",6705,9662,"domain_1"
"1360",2807,6708,"domain_2"
"1361",8339,9875,"domain_1"
"1362",10221,8934,"domain_1"
"1363",6827,7279,"domain_3"
"1364",5193,6632,"domain_3"
"1365",6696,3742,"domain_4"
"1366",7951,3162,"domain_3"
"1367",4819,8293,"domain_2"
"1368",9212,6192,"domain_1"
"1369",9970,8934,"domain_1"
"1370",4065,8294,"domain_2"
"1371",10212,3303,"domain_2"
"1372",4812,3961,"domain_3"
"1373",6192,2876,"domain_3"
"1374",6703,8506,"domain_2"
"1375",9092,10019,"domain_1"
"1376",7205,7784,"domain_3"
"1377",6948,4463,"domain_3"
"1378",7461,10960,"other"
"1379",9845,9440,"domain_1"
"1380",4811,3384,"domain_3"
"1381",9215,8358,"domain_1"
"1382",8329,3956,"domain_3"
"1383",8832,4244,"domain_3"
"1384",2427,4615,"domain_5"
"1385",8082,6411,"domain_3"
"1386",4442,7933,"domain_2"
"1387",3304,3675,"domain_5"
"1388",7208,9516,"domain_1"
"1389",5321,8292,"domain_2"
"1390",4068,10171,"domain_2"
"1391",5193,6199,"domain_3"
"1392",6574,5980,"domain_4"
"1393",6706,9806,"domain_1"
"1394",3558,5119,"domain_2"
"1395",4185,4757,"domain_2"
"1396",6575,6846,"domain_3"
"1397",4438,5767,"domain_2"
"1398",5945,5187,"domain_3"
"1399",2302,5409,"domain_5"
"1400",7836,9588,"domain_1"
"1401",4941,5910,"domain_2"
"1402",9211,5615,"domain_2"
"1403",10091,6263,"domain_1"
"1404",7074,4680,"domain_3"
"1405",4061,5551,"domain_2"
"1406",3559,6129,"domain_2"
"1407",5699,8652,"domain_2"
"1408",9086,5976,"domain_2"
"1409",4057,2952,"domain_2"
"1410",7704,5762,"domain_3"
"1411",10722,7634,"domain_1"
"1412",7072,2947,"domain_3"
"1413",8585,6843,"domain_1"
"1414",6702,7351,"domain_3"
"1415",3061,8729,"domain_2"
"1416",5567,4971,"domain_3"
"1417",4184,3746,"domain_3"
"1418",9341,8286,"domain_1"
"1419",10590,4097,"domain_2"
"1420",8334,7277,"domain_1"
"1421",3187,8945,"domain_2"
"1422",3306,4541,"domain_2"
"1423",5825,9302,"domain_2"
"1424",6198,6775,"domain_3"
"1425",10217,6046,"domain_2"
"1426",5325,10602,"domain_1"
"1427",7208,10094,"domain_1"
"1428",9217,9224,"domain_1"
"1429",7586,10454,"domain_1"
"1430",2806,6563,"domain_2"
"1431",7711,10093,"domain_1"
"1432",7455,7206,"domain_3"
"1433",7961,9082,"domain_1"
"1434",4184,3602,"domain_3"
"1435",4691,6777,"domain_2"
"1436",5821,6559,"domain_3"
"1437",3556,3819,"domain_5"
"1438",6952,6485,"domain_3"
"1439",10471,7923,"domain_1"
"1440",5825,8724,"domain_2"
"1441",8453,2584,"domain_2"
"1442",7206,8506,"domain_1"
"1443",4569,9160,"domain_2"
"1444",5070,8292,"domain_2"
"1445",9714,6192,"domain_1"
"1446",4066,8438,"domain_2"
"1447",6194,4176,"domain_3"
"1448",7075,5113,"domain_3"
"1449",7955,5328,"domain_3"
"1450",3691,9666,"domain_2"
"1451",3934,4757,"domain_2"
"1452",5575,9591,"domain_2"
"1453",4821,9592,"domain_2"
"1454",2929,4614,"domain_2"
"1455",6697,4319,"domain_3"
"1456",10089,4675,"domain_2"
"1457",3180,4181,"domain_5"
"1458",10591,4530,"domain_6"
"1459",10342,6118,"domain_2"
"1460",3554,2953,"domain_2"
"1461",3053,3387,"domain_5"
"1462",4566,7427,"domain_2"
"1463",10221,8790,"domain_1"
"1464",3436,7645,"domain_2"
"1465",2681,6347,"domain_2"
"1466",5821,6414,"domain_3"
"1467",5565,3527,"domain_3"
"1468",3178,3170,"domain_5"
"1469",7705,6195,"domain_3"
"1470",3932,3313,"domain_2"
"1471",3183,6058,"domain_2"
"1472",4310,3962,"domain_3"
"1473",9969,8068,"domain_1"
"1474",3304,3531,"domain_5"
"1475",9712,4315,"domain_2"
"1476",6077,9446,"domain_2"
"1477",8581,4100,"domain_2"
"1478",8838,7998,"domain_1"
"1479",3812,6995,"domain_2"
"1480",6826,6557,"domain_3"
"1481",3689,8511,"domain_2"
"1482",9715,6480,"domain_1"
"1483",6828,7857,"domain_3"
"1484",6698,4753,"domain_3"
"1485",7205,8073,"domain_2"
"1486",2928,3892,"domain_5"
"1487",9586,4531,"domain_2"
"1488",7710,9804,"domain_1"
"1489",10090,5541,"domain_6"
"1490",5317,5404,"domain_2"
"1491",9336,4965,"domain_2"
"1492",5828,10890,"domain_1"
"1493",7963,10526,"domain_1"
"1494",9216,8791,"domain_1"
"1495",3564,9017,"domain_2"
"1496",7448,2586,"domain_2"
"1497",10593,5829,"domain_6"
"1498",9967,6913,"domain_1"
"1499",7827,3957,"domain_3"
"1500",8964,8070,"domain_1"
"1501",7331,7856,"domain_2"
"1502",9965,5758,"domain_2"
"1503",4434,3457,"domain_3"
"1504",5073,10314,"domain_2"
"1505",9842,7274,"domain_1"
"1506",6071,5403,"domain_3"
"1507",3435,6779,"domain_2"
"1508",4067,9160,"domain_2"
"1509",6197,6053,"domain_4"
"1510",8708,5471,"domain_2"
"1511",2302,5554,"domain_5"
"1512",6321,5114,"domain_3"
"1513",7329,6989,"domain_3"
"1514",9461,5037,"domain_2"
"1515",5071,8581,"domain_2"
"1516",9458,2583,"domain_2"
"1517",6447,5042,"domain_3"
"1518",5574,9302,"domain_2"
"1519",9092,9874,"domain_1"
"1520",8080,5111,"domain_3"
"1521",7330,7711,"domain_2"
"1522",5316,4971,"domain_3"
"1523",5199,10097,"domain_2"
"1524",4436,4467,"domain_2"
"1525",9085,5399,"domain_2"
"1526",2302,5265,"domain_5"
"1527",8967,9802,"domain_1"
"1528",5700,9086,"domain_2"
"1529",6571,4247,"domain_3"
"1530",10464,3880,"domain_2"
"1531",6198,6630,"domain_3"
"1532",3312,8295,"domain_2"
"1533",2552,4254,"domain_5"
"1534",8455,4317,"domain_2"
"1535",5449,9230,"domain_2"
"1536",9337,5543,"domain_2"
"1537",5692,4321,"domain_2"
"1538",5194,7065,"domain_3"
"1539",2677,4326,"domain_5"
"1540",5952,9951,"domain_1"
"1541",7079,7856,"domain_3"
"1542",6073,7280,"domain_3"
"1543",4696,9809,"domain_2"
"1544",8212,9082,"domain_1"
"1545",2301,4832,"domain_5"
"1546",10718,5613,"domain_6"
"1547",6329,10023,"domain_1"
"1548",9089,7564,"domain_1"
"1549",9718,8357,"domain_1"
"1550",3563,8295,"domain_2"
"1551",6451,7496,"domain_3"
"1552",6070,5259,"domain_3"
"1553",8460,7349,"domain_1"
"1554",5069,7426,"domain_3"
"1555",5072,9736,"domain_2"
"1556",9583,2799,"domain_2"
"1557",9587,5253,"domain_2"
"1558",10466,4747,"domain_6"
"1559",8463,9226,"domain_1"
"1560",6199,7497,"domain_3"
"1561",9715,6769,"domain_1"
"1562",8590,10019,"domain_1"
"1563",5571,7281,"domain_3"
"1564",3183,6491,"domain_2"
"1565",7450,3741,"domain_3"
"1566",8334,6988,"domain_1"
"1567",10595,7129,"domain_1"
"1568",6327,8435,"domain_3"
"1569",9839,5397,"domain_2"
"1570",9718,8646,"domain_1"
"1571",9591,7419,"domain_1"
"1572",5815,2660,"domain_3"
"1573",9717,7924,"domain_1"
"1574",6823,4391,"domain_3"
"1575",7197,2875,"domain_3"
"1576",3808,4685,"domain_2"
"1577",4821,9448,"domain_2"
"1578",3435,7068,"domain_2"
"1579",8079,4389,"domain_3"
"1580",5187,2734,"domain_3"
"1581",9341,8141,"domain_1"
"1582",4566,6994,"domain_2"
"1583",8214,10814,"other"
"1584",8204,4173,"domain_3"
"1585",7201,5329,"domain_4"
"1586",4189,6778,"domain_2"
"1587",3682,3891,"domain_5"
"1588",3306,4686,"domain_2"
"1589",9589,6120,"domain_1"
"1590",4697,10387,"domain_2"
"1591",8705,3017,"domain_3"
"1592",3178,3459,"domain_5"
"1593",5445,6776,"domain_3"
"1594",4696,9665,"domain_2"
"1595",4818,7427,"domain_3"
"1596",9333,3377,"domain_3"
"1597",9339,7131,"domain_1"
"1598",9461,4459,"domain_2"
"1599",6954,8362,"domain_2"
"1600",4062,6128,"domain_2"
"1601",8832,4388,"domain_3"
"1602",9334,3810,"domain_3"
"1603",10592,5396,"domain_6"
"1604",4571,10026,"domain_2"
"1605",4822,10459,"domain_2"
"1606",7198,3741,"domain_3"
"1607",10096,9006,"domain_1"
"1608",7832,7422,"domain_2"
"1609",5823,7569,"domain_3"
"1610",4811,2951,"domain_2"
"1611",8957,4027,"domain_3"
"1612",3308,6130,"domain_2"
"1613",5822,6992,"domain_3"
"1614",2052,5987,"domain_2"
"1615",3562,7717,"domain_2"
"1616",7585,9732,"domain_1"
"1617",9588,5398,"domain_2"
"1618",8585,6699,"domain_1"
"1619",4190,7500,"domain_2"
"1620",7705,6339,"domain_3"
"1621",4571,10170,"domain_2"
"1622",5701,9807,"domain_2"
"1623",3682,4324,"domain_2"
"1624",5817,3671,"domain_3"
"1625",10717,4602,"domain_6"
"1626",8084,7999,"domain_1"
"1627",3685,6057,"domain_2"
"1628",8586,7565,"domain_1"
"1629",9469,9802,"domain_1"
"1630",4442,8077,"domain_2"
"1631",6827,6990,"domain_3"
"1632",5815,2949,"domain_3"
"1633",2809,8296,"domain_2"
"1634",9837,4531,"domain_2"
"1635",9719,9224,"domain_1"
"1636",10722,7778,"domain_1"
"1637",10846,6840,"domain_1"
"1638",5692,4177,"domain_2"
"1639",3062,9162,"domain_2"
"1640",3815,9016,"domain_2"
"1641",7954,5039,"domain_3"
"1642",8461,7926,"domain_1"
"1643",5444,6343,"domain_3"
"1644",8086,8865,"domain_1"
"1645",8203,3451,"domain_2"
"1646",7956,6483,"domain_3"
"1647",7827,4390,"domain_3"
"1648",3940,8366,"domain_2"
"1649",6453,8940,"domain_2"
"1650",4310,4107,"domain_2"
"1651",2678,4470,"domain_5"
"1652",7333,9444,"domain_1"
"1653",8585,6554,"domain_2"
"1654",6578,8579,"domain_2"
"1655",6456,10961,"other"
"1656",7325,4679,"domain_3"
"1657",7205,8217,"domain_2"
"1658",8454,3306,"domain_3"
"1659",7081,8867,"domain_1"
"1660",5449,9519,"domain_2"
"1661",4686,3601,"domain_3"
"1662",2682,7213,"domain_2"
"1663",9962,3881,"domain_2"
"1664",2804,5264,"domain_2"
"1665",7583,8866,"domain_1"
"1666",6700,6196,"domain_4"
"1667",8835,5832,"domain_2"
"1668",10467,5613,"domain_6"
"1669",4311,4829,"other"
"1670",4694,8510,"domain_2"
"1671",7079,7567,"domain_3"
"1672",8714,8936,"domain_1"
"1673",7831,6700,"domain_3"
"1674",4565,6561,"domain_2"
"1675",4563,4973,"other"
"1676",4308,2663,"domain_2"
"1677",10213,4025,"domain_2"
"1678",4936,3167,"domain_2"
"1679",3184,7068,"domain_2"
"1680",8202,2729,"domain_3"
"1681",5694,5765,"domain_3"
"1682",3810,5984,"domain_2"
"1683",5188,3167,"domain_3"
"1684",4568,8149,"domain_2"
"1685",9710,3593,"domain_2"
"1686",5826,9879,"domain_1"
"1687",9467,8502,"domain_1"
"1688",10215,4891,"domain_2"
"1689",7198,3308,"domain_3"
"1690",3431,4469,"domain_2"
"1691",9215,8069,"domain_1"
"1692",8580,3811,"domain_3"
"1693",4186,5190,"domain_2"
"1694",6324,6847,"domain_3"
"1695",8835,6121,"domain_2"
"1696",10347,8862,"domain_1"
"1697",8088,10453,"domain_1"
"1698",6699,5763,"domain_4"
"1699",7576,4535,"domain_3"
"1700",8207,5905,"domain_3"
"1701",10089,4964,"domain_2"
"1702",3561,6851,"domain_2"
"1703",2932,6635,"domain_2"
"1704",3305,4253,"domain_2"
"1705",6705,9228,"domain_1"
"1706",7199,4319,"domain_3"
"1707",7454,6484,"domain_3"
"1708",9464,6625,"domain_1"
"1709",4439,6200,"domain_2"
"1710",8083,7277,"domain_1"
"1711",3055,4975,"domain_2"
"1712",4569,9304,"domain_2"
"1713",6578,8290,"domain_3"
"1714",4059,4540,"domain_2"
"1715",4692,7355,"domain_2"
"1716",8210,7782,"domain_1"
"1717",8085,8576,"domain_1"
"1718",6955,8795,"domain_1"
"1719",7329,7134,"domain_3"
"1720",8586,7276,"domain_1"
"1721",7322,2514,"domain_2"
"1722",9343,9296,"domain_1"
"1723",5817,3816,"domain_3"
"1724",5819,5404,"domain_3"
"1725",9588,5686,"domain_2"
"1726",8956,3016,"domain_3"
"1727",6830,9156,"domain_1"
"1728",3435,6923,"domain_2"
"1729",9334,3954,"domain_3"
"1730",5199,10386,"domain_2"
"1731",7453,6195,"domain_4"
"1732",9338,6264,"domain_1"
"1733",5315,4249,"domain_3"
"1734",3436,7790,"domain_2"
"1735",6455,9951,"domain_1"
"1736",8836,6410,"domain_2"
"1737",6194,4031,"domain_4"
"1738",4939,4755,"domain_2"
"1739",4059,4107,"domain_2"
"1740",5943,4176,"domain_3"
"1741",4064,7428,"domain_2"
"1742",4056,2663,"domain_2"
"1743",5569,6270,"domain_3"
"1744",3430,3747,"domain_5"
"1745",4067,9449,"domain_2"
"1746",3434,6057,"domain_2"
"1747",7202,6340,"domain_4"
"1748",10221,8645,"domain_1"
"1749",4564,6128,"domain_2"
"1750",8963,7637,"domain_1"
"1751",2304,6420,"domain_2"
"1752",9214,7347,"domain_1"
"1753",6946,3164,"domain_3"
"1754",9718,8213,"domain_1"
"1755",4189,7067,"domain_2"
"1756",7838,10743,"domain_1"
"1757",5699,8797,"domain_2"
"1758",5942,3599,"domain_3"
"1759",10344,7273,"domain_1"
"1760",9210,4604,"domain_2"
"1761",3558,5407,"domain_2"
"1762",9968,7491,"domain_1"
"1763",4685,2734,"domain_2"
"1764",9464,6914,"domain_1"
"1765",6073,6847,"domain_3"
"1766",8706,4028,"domain_2"
"1767",5442,5043,"domain_3"
"1768",10092,6841,"domain_1"
"1769",8334,6699,"domain_2"
"1770",6453,9084,"domain_1"
"1771",6699,5908,"domain_4"
"1772",3686,6923,"domain_2"
"1773",6322,5836,"domain_4"
"1774",7081,9156,"domain_1"
"1775",7587,11032,"other"
"1776",9336,5109,"domain_2"
"1777",3438,8512,"domain_2"
"1778",5066,5549,"domain_2"
"1779",3182,5480,"domain_2"
"1780",7078,7134,"domain_3"
"1781",4435,3746,"domain_3"
"1782",9717,7491,"domain_1"
"1783",6820,2948,"domain_3"
"1784",3690,9089,"domain_2"
"1785",7206,8361,"domain_1"
"1786",4692,7499,"domain_2"
"1787",6074,7425,"domain_3"
"1788",7705,6484,"domain_3"
"1789",5316,4683,"domain_2"
"1790",7333,9733,"domain_1"
"1791",4944,8076,"domain_2"
"1792",4314,6417,"domain_2"
"1793",5572,7714,"domain_3"
"1794",4185,4323,"domain_2"
"1795",7327,5834,"domain_4"
"1796",7323,3091,"domain_3"
"1797",7081,8722,"domain_1"
"1798",6571,4103,"domain_3"
"1799",4434,3168,"domain_3"
"1800",9968,7635,"domain_1"
"1801",8333,6122,"domain_3"
"1802",10597,8284,"domain_1"
"1803",5694,5909,"domain_4"
"1804",8580,3956,"domain_3"
"1805",2932,6780,"domain_2"
"1806",6581,10600,"domain_1"
"1807",6068,4104,"domain_3"
"1808",10339,3664,"domain_2"
"1809",8089,10598,"domain_1"
"1810",3437,8367,"domain_2"
"1811",6826,6268,"domain_4"
"1812",6569,2948,"domain_3"
"1813",10094,7851,"domain_1"
"1814",8335,7565,"domain_1"
"1815",8841,9730,"domain_1"
"1816",10843,4963,"domain_6"
"1817",9835,2943,"domain_2"
"1818",8584,6410,"domain_2"
"1819",3180,4758,"domain_2"
"1820",6573,5114,"domain_3"
"1821",2304,6709,"domain_2"
"1822",9463,6192,"domain_1"
"1823",5575,9735,"domain_2"
"1824",2804,4687,"domain_5"
"1825",5316,4827,"domain_2"
"1826",4690,6344,"domain_2"
"1827",5192,5621,"domain_2"
"1828",7953,4029,"domain_2"
"1829",10094,8140,"domain_1"
"1830",6580,10167,"domain_1"
"1831",5199,10530,"domain_2"
"1832",8831,3233,"domain_3"
"1833",5323,9447,"domain_2"
"1834",9215,7925,"domain_1"
"1835",7582,8289,"domain_1"
"1836",5188,3600,"domain_3"
"1837",10216,5325,"domain_6"
"1838",5690,2877,"domain_3"
"1839",5319,6560,"domain_3"
"1840",8459,6627,"domain_2"
"1841",5313,2950,"domain_3"
"1842",6573,5402,"domain_3"
"1843",7325,4535,"domain_3"
"1844",10844,5396,"domain_6"
"1845",6071,5692,"domain_3"
"1846",5572,7859,"domain_3"
"1847",7456,8072,"domain_1"
"1848",10597,7995,"domain_1"
"1849",8335,7710,"domain_1"
"1850",9090,8286,"domain_1"
"1851",9838,4675,"domain_2"
"1852",3307,5408,"domain_2"
"1853",2931,5914,"domain_2"
"1854",8463,8937,"domain_1"
"1855",3560,6707,"domain_2"
"1856",8214,10237,"domain_1"
"1857",7961,9226,"domain_1"
"1858",9460,4171,"domain_2"
"1859",10342,5974,"domain_2"
"1860",5447,8508,"domain_2"
"1861",3683,4902,"domain_2"
"1862",4320,10315,"domain_2"
"1863",10719,5757,"domain_6"
"1864",5190,4755,"domain_2"
"1865",3303,3098,"domain_5"
"1866",2052,6132,"domain_2"
"1867",6833,10744,"domain_1"
"1868",8706,4172,"domain_2"
"1869",6195,4465,"domain_3"
"1870",9965,5469,"domain_2"
"1871",3181,4903,"domain_2"
"1872",5197,8942,"domain_2"
"1873",9712,4748,"domain_2"
"1874",3310,7429,"domain_2"
"1875",10219,7346,"domain_1"
"1876",4059,4396,"domain_2"
"1877",7826,3524,"domain_2"
"1878",3684,5624,"domain_2"
"1879",9590,7130,"domain_1"
"1880",10591,4674,"domain_6"
"1881",7955,5617,"domain_3"
"1882",9717,7635,"domain_1"
"1883",8835,5976,"domain_2"
"1884",7580,6700,"domain_3"
"1885",5439,3166,"domain_3"
"1886",7699,2585,"domain_2"
"1887",9718,8502,"domain_1"
"1888",7332,8866,"domain_1"
"1889",9207,2727,"domain_3"
"1890",8203,3884,"domain_3"
"1891",3684,5479,"domain_2"
"1892",6704,8940,"domain_1"
"1893",3054,4542,"domain_2"
"1894",7453,5762,"domain_4"
"1895",10594,6551,"domain_1"
"1896",7831,6844,"domain_2"
"1897",10342,5685,"domain_2"
"1898",8704,2728,"domain_2"
"1899",3309,6707,"domain_2"
"1900",6703,8362,"domain_3"
"1901",4192,9088,"domain_2"
"1902",5314,3816,"domain_3"
"1903",6077,9735,"domain_1"
"1904",3941,8944,"domain_2"
"1905",9587,5109,"domain_2"
"1906",5570,6559,"domain_3"
"1907",5319,6848,"domain_3"
"1908",6702,7785,"domain_3"
"1909",5198,9375,"domain_2"
"1910",8079,4823,"domain_3"
"1911",5192,5910,"domain_3"
"1912",6323,6269,"domain_3"
"1913",8087,9587,"domain_1"
"1914",9460,4315,"domain_2"
"1915",6947,3453,"domain_3"
"1916",4309,3529,"domain_3"
"1917",5320,7426,"domain_3"
"1918",6577,7713,"domain_3"
"1919",8328,2945,"domain_3"
"1920",9589,6553,"domain_1"
"1921",4183,3168,"domain_3"
"1922",7330,7567,"domain_3"
"1923",6322,5259,"domain_3"
"1924",8959,4893,"domain_3"
"1925",10220,8357,"domain_1"
"1926",4686,3745,"domain_3"
"1927",9082,3522,"domain_3"
"1928",5062,3239,"domain_2"
"1929",6449,6630,"domain_3"
"1930",3936,6201,"domain_2"
"1931",10595,6696,"domain_1"
"1932",7205,7928,"domain_2"
"1933",4185,4612,"domain_2"
"1934",8204,4028,"domain_3"
"1935",2679,5192,"domain_5"
"1936",2558,8152,"domain_2"
"1937",6950,5618,"domain_4"
"1938",4311,4684,"domain_2"
"1939",8714,9225,"domain_1"
"1940",6950,5330,"domain_3"
"1941",4943,7354,"domain_3"
"1942",3814,8006,"domain_2"
"1943",4938,4178,"domain_3"
"1944",6953,7640,"domain_3"
"1945",2430,7069,"domain_2"
"1946",9712,4459,"domain_2"
"1947",10095,8285,"domain_1"
"1948",7834,8432,"domain_1"
"1949",8963,7348,"domain_1"
"1950",10088,3953,"domain_2"
"1951",6196,5475,"domain_3"
"1952",6946,2875,"domain_3"
"1953",7575,3668,"domain_3"
"1954",7585,10165,"domain_1"
"1955",3564,9161,"domain_2"
"1956",7200,4607,"domain_3"
"1957",5689,2733,"domain_3"
"1958",7209,10671,"domain_1"
"1959",7326,5113,"domain_3"
"1960",8578,2656,"domain_2"
"1961",4815,5550,"domain_2"
"1962",10216,5758,"domain_6"
"1963",9962,4026,"domain_2"
"1964",7586,10743,"domain_1"
"1965",9082,3233,"domain_3"
"1966",3806,2952,"domain_2"
"1967",3059,7141,"domain_2"
"1968",8840,9297,"domain_1"
"1969",6067,3238,"domain_3"
"1970",8708,5327,"domain_2"
"1971",3433,5624,"domain_2"
"1972",10093,7418,"domain_1"
"1973",2929,4903,"domain_2"
"1974",6706,9950,"domain_1"
"1975",8211,8648,"domain_1"
"1976",4686,3456,"domain_3"
"1977",6450,6919,"domain_3"
"1978",6573,5547,"domain_3"
"1979",6204,10673,"domain_1"
"1980",2678,4759,"domain_5"
"1981",8454,3595,"domain_3"
"1982",6196,5187,"domain_3"
"1983",4067,9305,"domain_2"
"1984",9216,8502,"domain_1"
"1985",6570,3526,"domain_3"
"1986",6450,6774,"domain_3"
"1987",3810,5551,"domain_2"
"1988",7962,9948,"domain_1"
"1989",5574,9014,"domain_2"
"1990",6946,2731,"domain_3"
"1991",5325,10313,"domain_2"
"1992",5314,3528,"domain_2"
"1993",8076,2801,"domain_3"
"1994",6948,4030,"domain_3"
"1995",5953,10529,"domain_1"
"1996",5073,10169,"domain_2"
"1997",7574,3235,"domain_3"
"1998",4947,9953,"domain_2"
"1999",7452,5329,"domain_3"
"2000",9217,9369,"domain_1"
"2001",10718,5035,"domain_6"
"2002",4443,8943,"domain_2"
"2003",2936,8946,"domain_2"
"2004",4569,9015,"domain_2"
"2005",8458,5905,"domain_3"
"2006",5827,10457,"domain_1"
"2007",8705,3450,"domain_3"
"2008",3307,5263,"domain_2"
"2009",4563,5261,"other"
"2010",7953,4317,"domain_3"
"2011",9584,3232,"domain_2"
"2012",8460,7060,"domain_1"
"2013",7955,5472,"domain_3"
"2014",4312,5406,"other"
"2015",5196,8220,"domain_2"
"2016",8580,3667,"domain_3"
"2017",10345,7851,"domain_1"
"2018",6197,5764,"domain_3"
"2019",9586,4676,"domain_2"
"2020",6952,6918,"domain_3"
"2021",6194,3743,"domain_3"
"2022",6322,5403,"domain_3"
"2023",2178,6348,"domain_2"
"2024",6952,6774,"domain_3"
"2025",10594,6407,"domain_2"
"2026",10718,5468,"domain_6"
"2027",6707,10817,"domain_1"
"2028",10346,8429,"domain_1"
"2029",4312,5550,"domain_2"
"2030",5448,9086,"domain_2"
"2031",4813,4683,"domain_2"
"2032",2806,6130,"domain_2"
"2033",6956,9372,"domain_1"
"2034",9343,9585,"domain_1"
"2035",8712,7926,"domain_1"
"2036",3811,6129,"domain_2"
"2037",3932,3602,"domain_2"
"2038",9835,3232,"domain_2"
"2039",8590,9731,"domain_1"
"2040",7331,8433,"domain_1"
"2041",10095,8573,"domain_1"
"2042",5696,6920,"domain_3"
"2043",6455,10239,"domain_1"
"2044",9210,4893,"domain_2"
"2045",7831,6411,"domain_3"
"2046",3430,3458,"domain_5"
"2047",5953,10240,"domain_1"
"2048",6455,10384,"domain_1"
"2049",6448,5908,"domain_4"
"2050",6199,7063,"domain_3"
"2051",4056,2519,"domain_2"
"2052",6452,8074,"domain_3"
"2053",9084,4532,"domain_3"
"2054",6831,9733,"domain_1"
"2055",5449,9375,"domain_2"
"2056",6953,7207,"domain_3"
"2057",7837,10454,"domain_1"
"2058",2051,5698,"domain_2"
"2059",10344,6840,"domain_1"
"2060",8964,8503,"domain_1"
"2061",6074,7569,"domain_3"
"2062",7202,5907,"domain_4"
"2063",3941,8800,"domain_2"
"2064",5323,9303,"domain_2"
"2065",8965,8936,"domain_1"
"2066",8206,5616,"domain_3"
"2067",8708,4894,"domain_2"
"2068",7582,8144,"domain_1"
"2069",9209,4460,"domain_2"
"2070",6573,5258,"domain_3"
"2071",10597,8139,"domain_1"
"2072",4062,5984,"domain_2"
"2073",8710,6193,"domain_2"
"2074",2677,4181,"domain_5"
"2075",3433,5768,"domain_2"
"2076",4318,9304,"domain_2"
"2077",4182,2880,"domain_2"
"2078",7704,6050,"domain_3"
"2079",6078,9879,"domain_1"
"2080",9839,5542,"domain_2"
"2081",3938,7211,"domain_2"
"2082",8585,6987,"domain_1"
"2083",6699,5474,"domain_4"
"2084",6202,9374,"domain_1"
"2085",5691,3455,"domain_3"
"2086",4194,9954,"domain_2"
"2087",4687,4178,"domain_3"
"2088",9091,8864,"domain_1"
"2089",5188,3456,"domain_2"
"2090",6075,8291,"domain_3"
"2091",4438,5911,"domain_2"
"2092",9595,10018,"domain_1"
"2093",6821,3525,"domain_3"
"2094",7204,7495,"domain_3"
"2095",8086,9298,"domain_1"
"2096",7083,10022,"domain_1"
"2097",8840,9442,"domain_1"
"2098",3691,9811,"domain_2"
"2099",10088,4242,"domain_2"
"2100",8332,5688,"domain_3"
"2101",8588,8576,"domain_1"
"2102",6701,7207,"domain_3"
"2103",3935,5190,"domain_2"
"2104",8337,8865,"domain_1"
"2105",8587,8143,"domain_1"
"2106",4310,4251,"domain_2"
"2107",7322,2658,"domain_2"
"2108",3932,3169,"domain_2"
"2109",8457,5039,"domain_3"
"2110",9590,6697,"domain_1"
"2111",3439,9234,"domain_2"
"2112",10469,6479,"domain_1"
"2113",7209,10383,"domain_1"
"2114",7084,10599,"domain_1"
"2115",8833,4821,"domain_3"
"2116",4937,3456,"domain_3"
"2117",6957,9661,"domain_1"
"2118",4568,8582,"domain_2"
"2119",4816,6705,"domain_3"
"2120",5066,5405,"domain_2"
"2121",5068,6704,"domain_3"
"2122",9840,6408,"domain_1"
"2123",9209,4171,"domain_2"
"2124",4183,3024,"domain_2"
"2125",6827,7135,"domain_3"
"2126",6954,7784,"domain_3"
"2127",4433,2590,"domain_2"
"2128",8836,6554,"domain_1"
"2129",8210,7927,"domain_1"
"2130",5696,7064,"domain_3"
"2131",5061,2662,"domain_3"
"2132",5693,4754,"domain_3"
"2133",8585,7132,"domain_1"
"2134",9333,3521,"domain_3"
"2135",7578,5257,"domain_3"
"2136",6705,9373,"domain_1"
"2137",7080,8578,"domain_1"
"2138",6330,10601,"domain_1"
"2139",6202,8940,"domain_2"
"2140",2802,3676,"domain_5"
"2141",5447,8075,"domain_3"
"2142",4563,5117,"other"
"2143",5700,9519,"domain_2"
"2144",5951,9374,"domain_2"
"2145",4320,10171,"domain_2"
"2146",9343,9874,"domain_1"
"2147",4318,9016,"domain_2"
"2148",4685,3168,"domain_3"
"2149",7955,5906,"domain_3"
"2150",9209,4027,"domain_3"
"2151",4937,3600,"domain_3"
"2152",3186,8512,"domain_2"
"2153",2556,6853,"domain_2"
"2154",5824,8436,"domain_2"
"2155",5941,3021,"domain_3"
"2156",7712,10526,"domain_1"
"2157",8209,7349,"domain_1"
"2158",9084,4677,"domain_2"
"2159",5187,2878,"domain_3"
"2160",10342,5830,"domain_2"
"2161",9839,5253,"domain_2"
"2162",4689,5478,"domain_2"
"2163",8077,3090,"domain_3"
"2164",7204,7351,"domain_3"
"2165",8967,9947,"domain_1"
"2166",5070,8437,"domain_2"
"2167",10219,7490,"domain_1"
"2168",2683,7791,"domain_2"
"2169",6833,10889,"domain_1"
"2170",5824,8147,"domain_2"
"2171",4188,6345,"domain_2"
"2172",2931,5769,"domain_2"
"2173",2555,6275,"domain_2"
"2174",7197,2586,"domain_2"
"2175",3942,9810,"domain_2"
"2176",6075,8435,"domain_3"
"2177",9964,5036,"domain_2"
"2178",8203,3740,"domain_3"
"2179",7082,9300,"domain_1"
"2180",6448,5764,"domain_4"
"2181",6696,3886,"domain_3"
"2182",6202,9085,"domain_2"
"2183",4186,4901,"domain_2"
"2184",4191,8366,"domain_2"
"2185",9341,8574,"domain_1"
"2186",5699,8508,"domain_2"
"2187",8582,4966,"domain_2"
"2188",6951,6340,"domain_4"
"2189",10218,6913,"domain_1"
"2190",7456,7495,"domain_2"
"2191",5572,7570,"domain_3"
"2192",6071,5836,"domain_4"
"2193",6192,2732,"domain_3"
"2194",8213,9948,"domain_1"
"2195",3565,9739,"domain_2"
"2196",6070,4826,"domain_3"
"2197",3940,8511,"domain_2"
"2198",2429,6203,"domain_2"
"2199",2303,5698,"domain_2"
"2200",4559,2662,"domain_2"
"2201",10596,7851,"domain_1"
"2202",6445,4175,"domain_4"
"2203",9587,4820,"domain_2"
"2204",9969,8213,"domain_1"
"2205",9211,5759,"domain_2"
"2206",6318,3093,"domain_3"
"2207",7206,8794,"domain_1"
"2208",8202,3018,"domain_3"
"2209",6446,4464,"domain_4"
"2210",7077,6412,"domain_3"
"2211",9090,8719,"domain_1"
"2212",7706,6772,"domain_3"
"2213",3933,3891,"domain_2"
"2214",10219,7635,"domain_1"
"2215",5820,5837,"domain_4"
"2216",5697,7497,"domain_3"
"2217",3681,3314,"domain_2"
"2218",2052,6276,"domain_2"
"2219",5693,4899,"domain_3"
"2220",4193,9665,"domain_2"
"2221",9839,5686,"domain_2"
"2222",5945,5476,"domain_3"
"2223",9210,5037,"domain_2"
"2224",5700,9230,"domain_2"
"2225",4312,5262,"domain_2"
"2226",5069,7715,"domain_3"
"2227",7959,8216,"domain_1"
"2228",3180,4614,"domain_2"
"2229",4810,2662,"domain_2"
"2230",9339,6986,"domain_1"
"2231",6698,5186,"domain_4"
"2232",9838,4820,"domain_2"
"2233",9843,7996,"domain_1"
"2234",9719,8790,"domain_1"
"2235",4194,10243,"domain_2"
"2236",5313,2806,"domain_3"
"2237",8957,3883,"domain_3"
"2238",8961,6337,"domain_2"
"2239",5822,6847,"domain_3"
"2240",5822,7136,"domain_3"
"2241",10347,8717,"domain_1"
"2242",6449,6197,"domain_4"
"2243",3056,5552,"domain_2"
"2244",5949,7930,"domain_3"
"2245",4434,3024,"domain_2"
"2246",7704,5617,"domain_3"
"2247",7081,9011,"domain_1"
"2248",8706,3883,"domain_3"
"2249",5438,2589,"domain_3"
"2250",10593,5974,"domain_2"
"2251",9458,2727,"domain_2"
"2252",7825,2802,"domain_3"
"2253",9087,6842,"domain_1"
"2254",9961,3015,"domain_2"
"2255",10471,8212,"domain_1"
"2256",7077,6268,"domain_4"
"2257",6570,3670,"domain_4"
"2258",5941,2877,"domain_3"
"2259",6327,8579,"domain_3"
"2260",7449,3163,"domain_3"
"2261",3931,3024,"domain_2"
"2262",5319,6704,"domain_3"
"2263",7955,5761,"domain_3"
"2264",7201,5185,"domain_3"
"2265",3557,4541,"domain_2"
"2266",4816,6416,"domain_3"
"2267",7830,6122,"domain_3"
"2268",3815,8583,"domain_2"
"2269",9467,8358,"domain_1"
"2270",10088,4386,"domain_2"
"2271",8076,2946,"domain_3"
"2272",8961,6193,"domain_2"
"2273",4946,8942,"domain_2"
"2274",5948,7497,"domain_3"
"2275",5695,6198,"domain_3"
"2276",2928,4037,"domain_5"
"2277",3557,4397,"domain_2"
"2278",6447,5331,"domain_3"
"2279",5315,4538,"domain_2"
"2280",8705,3594,"domain_3"
"2281",6197,5908,"domain_4"
"2282",9966,6480,"domain_1"
"2283",4560,3529,"domain_3"
"2284",4948,10242,"domain_2"
"2285",7580,6556,"domain_3"
"2286",5576,10602,"domain_1"
"2287",2682,7502,"domain_2"
"2288",3813,7428,"domain_2"
"2289",8584,6121,"domain_2"
"2290",4184,3890,"domain_3"
"2291",7209,10238,"domain_1"
"2292",3186,8368,"domain_2"
"2293",8958,4460,"domain_3"
"2294",3308,5696,"domain_2"
"2295",6826,6413,"domain_3"
"2296",6570,3814,"domain_4"
"2297",5450,10097,"domain_2"
"2298",8461,7637,"domain_1"
"2299",8459,6338,"domain_2"
"2300",6074,7713,"domain_3"
"2301",6079,10745,"domain_1"
"2302",6066,2516,"domain_3"
"2303",5946,6342,"domain_3"
"2304",8465,10092,"domain_1"
"2305",2553,5264,"domain_5"
"2306",7832,6989,"domain_2"
"2307",3429,3170,"domain_5"
"2308",4695,9520,"domain_2"
"2309",5824,8580,"domain_2"
"2310",3307,5119,"domain_2"
"2311",8835,6265,"domain_2"
"2312",7952,3884,"domain_2"
"2313",8331,4967,"domain_3"
"2314",5573,8292,"domain_2"
"2315",9967,7202,"domain_1"
"2316",2554,5986,"domain_2"
"2317",2804,4831,"domain_5"
"2318",7703,5184,"domain_3"
"2319",3809,5118,"domain_2"
"2320",6452,8218,"domain_3"
"2321",5689,2588,"domain_3"
"2322",2930,5336,"domain_2"
"2323",10216,5902,"domain_2"
"2324",3810,5840,"domain_2"
"2325",5189,4033,"domain_3"
"2326",7076,5835,"domain_4"
"2327",8713,8648,"domain_1"
"2328",10470,7201,"domain_1"
"2329",10594,6118,"domain_2"
"2330",7451,4896,"domain_3"
"2331",7709,8794,"domain_1"
"2332",5316,5116,"domain_3"
"2333",5189,4177,"domain_3"
"2334",6695,3020,"domain_3"
"2335",6706,10095,"domain_1"
"2336",4811,3240,"domain_3"
"2337",5942,3454,"domain_3"
"2338",9713,5325,"domain_2"
"2339",4944,7787,"domain_2"
"2340",7585,9877,"domain_1"
"2341",5951,9085,"domain_2"
"2342",3307,5552,"domain_2"
"2343",9469,10090,"domain_1"
"2344",8842,10452,"domain_1"
"2345",10091,5830,"domain_2"
"2346",3056,5408,"domain_2"
"2347",4691,7066,"domain_2"
"2348",3059,7429,"domain_2"
"2349",6829,8434,"domain_2"
"2350",5065,5116,"domain_2"
"2351",5701,9952,"domain_1"
"2352",8081,5689,"domain_3"
"2353",6324,7135,"domain_3"
"2354",6452,8507,"domain_3"
"2355",3305,4397,"domain_2"
"2356",4440,6633,"domain_2"
"2357",7581,7711,"domain_2"
"2358",7330,7423,"domain_3"
"2359",5193,6488,"domain_3"
"2360",6320,4537,"domain_3"
"2361",5073,9881,"domain_2"
"2362",3182,5913,"domain_2"
"2363",3181,5336,"domain_2"
"2364",5950,8363,"domain_2"
"2365",3934,4901,"domain_2"
"2366",4812,3673,"domain_3"
"2367",2681,6492,"domain_2"
"2368",9716,7347,"domain_1"
"2369",3433,5335,"domain_2"
"2370",8205,4750,"domain_3"
"2371",8084,7566,"domain_1"
"2372",2555,6131,"domain_2"
"2373",6702,7496,"domain_3"
"2374",9964,5181,"domain_2"
"2375",5699,8941,"domain_2"
"2376",3940,8222,"domain_2"
"2377",7959,8360,"domain_1"
"2378",9717,8069,"domain_1"
"2379",9964,5325,"domain_2"
"2380",3555,3386,"domain_5"
"2381",4314,6705,"domain_2"
"2382",8715,9514,"domain_1"
"2383",4311,4973,"other"
"2384",9845,9151,"domain_1"
"2385",9083,4099,"domain_3"
"2386",7581,7278,"domain_2"
"2387",8329,4100,"domain_2"
"2388",2678,4615,"domain_5"
"2389",6579,9156,"domain_1"
"2390",4310,4395,"domain_2"
"2391",7829,5256,"domain_3"
"2392",2677,4037,"domain_5"
"2393",8831,3811,"domain_3"
"2394",3431,4613,"domain_2"
"2395",6703,8073,"domain_3"
"2396",2428,5770,"domain_2"
"2397",2933,6924,"domain_2"
"2398",4688,4756,"domain_2"
"2399",5567,4827,"domain_3"
"2400",2934,7646,"domain_2"
"2401",5439,3455,"domain_3"
"2402",3304,3386,"domain_5"
"2403",5445,6920,"domain_3"
"2404",9845,9584,"domain_1"
"2405",5068,6993,"domain_3"
"2406",6450,7352,"domain_3"
"2407",5691,3744,"domain_3"
"2408",9966,6336,"domain_1"
"2409",10593,5685,"domain_6"
"2410",7083,10166,"domain_1"
"2411",5949,7786,"domain_3"
"2412",7071,2658,"domain_2"
"2413",9090,8430,"domain_1"
"2414",5816,3094,"domain_3"
"2415",8588,8864,"domain_1"
"2416",5318,6271,"domain_3"
"2417",10470,7634,"domain_1"
"2418",4058,3674,"domain_3"
"2419",8463,9081,"domain_1"
"2420",8579,2945,"domain_3"
"2421",5439,3022,"domain_3"
"2422",4559,2951,"domain_2"
"2423",3061,8440,"domain_2"
"2424",10464,3736,"domain_2"
"2425",8960,5615,"domain_2"
"2426",6703,7929,"domain_3"
"2427",5819,5115,"domain_3"
"2428",3939,8078,"domain_2"
"2429",6820,2803,"domain_3"
"2430",9214,7203,"domain_1"
"2431",7580,6989,"domain_3"
"2432",6444,3165,"domain_3"
"2433",4193,9377,"domain_2"
"2434",3182,5769,"domain_2"
"2435",5325,10458,"domain_1"
"2436",7582,8000,"domain_1"
"2437",6444,3454,"domain_3"
"2438",10096,9151,"domain_1"
"2439",6824,5546,"domain_4"
"2440",8086,9010,"domain_1"
"2441",9339,7275,"domain_1"
"2442",10721,6912,"domain_1"
"2443",9208,3449,"domain_3"
"2444",4948,10531,"domain_2"
"2445",4317,8294,"domain_2"
"2446",7578,5690,"domain_3"
"2447",3311,8151,"domain_2"
"2448",5564,2516,"domain_3"
"2449",6582,10889,"domain_1"
"2450",7335,10599,"domain_1"
"2451",4820,8870,"domain_2"
"2452",3181,5191,"domain_2"
"2453",5575,10024,"domain_2"
"2454",4445,9954,"domain_2"
"2455",4445,10243,"domain_2"
"2456",7951,3018,"domain_3"
"2457",9843,7852,"domain_1"
"2458",6704,9084,"domain_1"
"2459",5828,10746,"domain_1"
"2460",9968,7924,"domain_1"
"2461",7579,6123,"domain_3"
"2462",10467,5469,"domain_6"
"2463",5943,4321,"domain_3"
"2464",6954,8073,"domain_3"
"2465",3438,8800,"domain_2"
"2466",4937,3312,"domain_2"
"2467",8333,6555,"domain_2"
"2468",9963,4459,"domain_2"
"2469",7710,9516,"domain_1"
"2470",7454,6628,"domain_3"
"2471",3313,9450,"domain_2"
"2472",7829,5401,"domain_3"
"2473",3561,6995,"domain_2"
"2474",10092,6408,"domain_1"
"2475",3939,7645,"domain_2"
"2476",7075,4969,"domain_3"
"2477",6704,8651,"domain_2"
"2478",7327,5690,"domain_4"
"2479",3429,3314,"domain_5"
"2480",3188,9234,"domain_2"
"2481",7453,5618,"domain_3"
"2482",6329,9734,"domain_1"
"2483",2427,4904,"domain_5"
"2484",2553,5409,"domain_5"
"2485",4314,6561,"domain_2"
"2486",6955,8506,"domain_2"
"2487",6072,6270,"domain_3"
"2488",6444,3020,"domain_3"
"2489",7587,10887,"other"
"2490",3689,8367,"domain_2"
"2491",7451,4607,"domain_3"
"2492",8837,7131,"domain_1"
"2493",3935,5334,"domain_2"
"2494",9082,3666,"domain_3"
"2495",8582,5255,"domain_2"
"2496",8078,3956,"domain_2"
"2497",6192,2588,"domain_3"
"2498",6822,3958,"domain_3"
"2499",10719,5901,"domain_6"
"2500",7449,3596,"domain_3"
"2501",5442,5332,"domain_3"
"2502",8076,2657,"domain_2"
"2503",8960,5471,"domain_2"
"2504",7457,8217,"domain_1"
"2505",5701,10096,"domain_1"
"2506",7074,4824,"domain_3"
"2507",5070,8148,"domain_2"
"2508",9089,7997,"domain_1"
"2509",2428,5481,"domain_5"
"2510",10342,5541,"domain_6"
"2511",8587,7998,"domain_1"
"2512",5950,8508,"domain_2"
"2513",6954,7929,"domain_3"
"2514",7960,8504,"domain_1"
"2515",8712,7781,"domain_1"
"2516",7209,10527,"domain_1"
"2517",9466,7636,"domain_1"
"2518",6330,10889,"domain_1"
"2519",5565,3383,"domain_3"
"2520",6447,4897,"domain_3"
"2521",7707,7350,"domain_2"
"2522",2176,5337,"domain_5"
"2523",7202,6196,"domain_4"
"2524",10220,7923,"domain_1"
"2525",5576,10457,"domain_1"
"2526",8580,3522,"domain_3"
"2527",8465,10236,"domain_1"
"2528",7831,6556,"domain_3"
"2529",2555,6708,"domain_2"
"2530",4561,3817,"domain_3"
"2531",4559,2518,"domain_2"
"2532",5819,4971,"domain_3"
"2533",10595,6840,"domain_1"
"2534",5952,10096,"domain_1"
"2535",3937,6345,"domain_2"
"2536",10593,5541,"domain_6"
"2537",10465,4458,"domain_6"
"2538",6449,6341,"domain_3"
"2539",8465,10381,"domain_1"
"2540",7335,10455,"domain_1"
"2541",5827,10313,"domain_1"
"2542",8211,8937,"domain_1"
"2543",3685,6201,"domain_2"
"2544",7075,5402,"domain_4"
"2545",8336,8143,"domain_1"
"2546",4815,5983,"domain_2"
"2547",3816,9450,"domain_2"
"2548",5825,8869,"domain_2"
"2549",6323,6125,"domain_4"
"2550",8711,7059,"domain_1"
"2551",10721,7056,"domain_1"
"2552",3685,5912,"domain_2"
"2553",7832,7133,"domain_2"
"2554",4560,3096,"domain_3"
"2555",6697,4464,"domain_3"
"2556",4941,6055,"domain_3"
"2557",6828,7712,"domain_3"
"2558",5570,6704,"domain_3"
"2559",7080,8289,"domain_2"
"2560",3306,4830,"domain_2"
"2561",8209,7205,"domain_1"
"2562",9719,9079,"domain_1"
"2563",8459,6771,"domain_2"
"2564",10090,5253,"domain_6"
"2565",8453,2728,"domain_3"
"2566",8582,5111,"domain_2"
"2567",4058,3385,"domain_2"
"2568",6833,11033,"other"
"2569",3057,5841,"domain_2"
"2570",9714,6047,"domain_2"
"2571",5322,8870,"domain_2"
"2572",3942,9521,"domain_2"
"2573",4688,4611,"domain_2"
"2574",10718,5324,"domain_6"
"2575",4437,5045,"other"
"2576",5314,3672,"domain_3"
"2577",9713,5181,"domain_2"
"2578",6576,7568,"domain_3"
"2579",8707,4316,"domain_2"
"2580",2931,6058,"domain_2"
"2581",5952,9807,"domain_1"
"2582",9344,10163,"domain_1"
"2583",5190,4611,"domain_2"
"2584",4814,4972,"domain_2"
"2585",5450,10241,"domain_2"
"2586",7202,6051,"domain_4"
"2587",4185,4468,"domain_2"
"2588",9711,3882,"domain_3"
"2589",2302,5120,"domain_5"
"2590",6194,3887,"domain_3"
"2591",9963,4314,"domain_2"
"2592",3810,5407,"domain_2"
"2593",4944,7643,"domain_3"
"2594",8961,6048,"domain_2"
"2595",9591,7563,"domain_1"
"2596",7459,9516,"domain_1"
"2597",8966,9369,"domain_1"
"2598",6068,3815,"domain_3"
"2599",7578,5401,"domain_3"
"2600",8582,4822,"domain_2"
"2601",8463,9370,"domain_1"
"2602",3941,9088,"domain_2"
"2603",4315,7139,"domain_2"
"2604",8080,5256,"domain_3"
"2605",9460,4026,"domain_3"
"2606",5196,8509,"domain_2"
"2607",3936,5912,"domain_2"
"2608",4946,9231,"domain_2"
"2609",4937,3745,"domain_3"
"2610",3055,4831,"domain_2"
"2611",7083,10311,"domain_1"
"2612",3943,10099,"domain_2"
"2613",6820,2515,"domain_2"
"2614",6951,6052,"domain_4"
"2615",5692,4465,"domain_3"
"2616",9216,8647,"domain_1"
"2617",6826,6846,"domain_3"
"2618",7324,3524,"domain_3"
"2619",3931,2736,"domain_2"
"2620",4685,2879,"domain_2"
"2621",6700,6485,"domain_3"
"2622",9213,6914,"domain_1"
"2623",8713,8503,"domain_1"
"2624",7956,6194,"domain_3"
"2625",3184,7213,"domain_2"
"2626",10341,5108,"domain_6"
"2627",10222,9223,"domain_1"
"2628",5951,9518,"domain_2"
"2629",7706,7205,"domain_2"
"2630",7326,4968,"domain_3"
"2631",9213,6626,"domain_1"
"2632",8209,7493,"domain_1"
"2633",9088,6987,"domain_1"
"2634",6820,2659,"domain_3"
"2635",3811,6562,"domain_2"
"2636",9338,6120,"domain_1"
"2637",9963,4603,"domain_2"
"2638",5315,4105,"domain_3"
"2639",7953,4606,"domain_3"
"2640",5695,6342,"domain_3"
"2641",7579,6412,"domain_3"
"2642",7330,7278,"domain_3"
"2643",6196,5331,"domain_3"
"2644",6196,5042,"domain_3"
"2645",6951,6196,"domain_4"
"2646",6826,6702,"domain_3"
"2647",8833,4966,"domain_3"
"2648",8711,6771,"domain_1"
"2649",6078,10023,"domain_1"
"2650",10339,4241,"domain_2"
"2651",10471,7779,"domain_1"
"2652",4442,8510,"domain_2"
"2653",9588,5542,"domain_2"
"2654",4437,4901,"other"
"2655",10472,8356,"domain_1"
"2656",6823,4825,"domain_3"
"2657",8960,5904,"domain_2"
"2658",9838,5109,"domain_2"
"2659",6319,3670,"domain_3"
"2660",4442,8366,"domain_2"
"2661",9086,5832,"domain_2"
"2662",8834,5688,"domain_2"
"2663",9333,2944,"domain_3"
"2664",4570,9881,"domain_2"
"2665",6194,4320,"domain_3"
"2666",6453,8796,"domain_2"
"2667",5574,9447,"domain_2"
"2668",7701,3885,"domain_3"
"2669",5698,8364,"domain_2"
"2670",6318,3237,"domain_3"
"2671",9594,9729,"domain_1"
"2672",9717,7780,"domain_1"
"2673",5825,9013,"domain_2"
"2674",6580,10023,"domain_1"
"2675",7325,4391,"domain_3"
"2676",3434,6346,"domain_2"
"2677",8589,9442,"domain_1"
"2678",5444,6487,"domain_3"
"2679",7956,6339,"domain_3"
"2680",3060,7718,"domain_2"
"2681",9217,9513,"domain_1"
"2682",10467,5324,"domain_6"
"2683",5817,3960,"domain_3"
"2684",4562,4395,"domain_2"
"2685",7207,8939,"domain_1"
"2686",5950,8652,"domain_2"
"2687",7460,10382,"domain_1"
"2688",8461,8071,"domain_1"
"2689",6066,2804,"domain_3"
"2690",6576,7424,"domain_3"
"2691",5444,6632,"domain_3"
"2692",8207,6194,"domain_3"
"2693",9337,5976,"domain_2"
"2694",8082,6700,"domain_2"
"2695",7072,3236,"domain_3"
"2696",4694,8654,"domain_2"
"2697",8705,3306,"domain_3"
"2698",9961,3448,"domain_2"
"2699",6328,9446,"domain_1"
"2700",4565,6416,"domain_2"
"2701",5441,4177,"domain_3"
"2702",5826,9735,"domain_1"
"2703",9466,8213,"domain_1"
"2704",5442,4899,"domain_3"
"2705",6829,8723,"domain_1"
"2706",9339,6842,"domain_1"
"2707",6199,7352,"domain_3"
"2708",9710,3448,"domain_2"
"2709",4435,4034,"domain_3"
"2710",9462,5614,"domain_2"
"2711",10091,5974,"domain_2"
"2712",6700,6341,"domain_4"
"2713",3681,3458,"domain_2"
"2714",10465,4313,"domain_6"
"2715",7835,9443,"domain_1"
"2716",6823,4969,"domain_3"
"2717",4696,9953,"domain_2"
"2718",2177,5482,"domain_5"
"2719",5821,6270,"domain_3"
"2720",4435,3890,"domain_3"
"2721",3435,6635,"domain_2"
"2722",4312,5695,"domain_2"
"2723",4437,5334,"other"
"2724",8083,6844,"domain_2"
"2725",4060,5118,"domain_2"
"2726",9340,7419,"domain_1"
"2727",4309,3818,"domain_3"
"2728",9840,5830,"domain_2"
"2729",6831,9878,"domain_1"
"2730",7700,3018,"domain_2"
"2731",6319,3959,"domain_3"
"2732",9712,4892,"domain_2"
"2733",9335,4532,"domain_2"
"2734",10718,5179,"domain_6"
"2735",5564,2950,"domain_3"
"2736",6328,9590,"domain_1"
"2737",4685,3023,"domain_2"
"2738",2807,6997,"domain_2"
"2739",5062,2950,"domain_3"
"2740",4821,9737,"domain_2"
"2741",3942,9666,"domain_2"
"2742",8579,3089,"domain_3"
"2743",8713,8215,"domain_1"
"2744",4062,6273,"domain_2"
"2745",9459,3738,"domain_3"
"2746",9212,6337,"domain_1"
"2747",10469,6768,"domain_1"
"2748",3560,6418,"domain_2"
"2749",4569,8871,"domain_2"
"2750",4690,6055,"domain_2"
"2751",5566,4249,"domain_3"
"2752",7078,6845,"domain_3"
"2753",6067,3382,"domain_3"
"2754",9835,3087,"domain_2"
"2755",8831,3666,"domain_3"
"2756",5440,4033,"domain_3"
"2757",7824,2513,"domain_2"
"2758",9091,9008,"domain_1"
"2759",2427,5048,"domain_5"
"2760",4942,6921,"domain_3"
"2761",2553,4831,"domain_5"
"2762",5067,6416,"domain_3"
"2763",5567,4682,"domain_3"
"2764",6324,6558,"domain_3"
"2765",5821,6703,"domain_3"
"2766",6324,6702,"domain_3"
"2767",6957,10094,"domain_1"
"2768",10091,5686,"domain_2"
"2769",9458,3016,"domain_2"
"2770",4318,9160,"domain_2"
"2771",5573,8436,"domain_2"
"2772",8579,3234,"domain_3"
"2773",8960,5760,"domain_2"
"2774",6579,9445,"domain_1"
"2775",8957,3738,"domain_3"
"2776",6074,7858,"domain_3"
"2777",7957,6628,"domain_3"
"2778",8588,8720,"domain_1"
"2779",2430,6636,"domain_2"
"2780",7828,4823,"domain_3"
"2781",6073,7136,"domain_3"
"2782",4063,6706,"domain_2"
"2783",3814,8150,"domain_2"
"2784",4815,5838,"domain_2"
"2785",4817,6849,"domain_3"
"2786",5697,7209,"domain_3"
"2787",7951,2874,"domain_3"
"2788",10591,4241,"domain_2"
"2789",10346,8140,"domain_1"
"2790",9340,7564,"domain_1"
"2791",8456,4605,"domain_3"
"2792",3181,5047,"domain_2"
"2793",9086,5687,"domain_2"
"2794",7324,3669,"domain_3"
"2795",4941,6199,"domain_3"
"2796",7077,6557,"domain_3"
"2797",7954,4751,"domain_3"
"2798",6697,4175,"domain_3"
"2799",5691,3888,"domain_3"
"2800",8842,10308,"domain_1"
"2801",6078,10312,"domain_1"
"2802",7711,9949,"domain_1"
"2803",5564,2661,"domain_3"
"2804",9716,6914,"domain_1"
"2805",9468,9368,"domain_1"
"2806",3179,3603,"domain_5"
"2807",8207,6050,"domain_3"
"2808",8709,6049,"domain_2"
"2809",7708,8216,"domain_1"
"2810",5820,5981,"domain_3"
"2811",5315,3961,"domain_3"
"2812",7454,6773,"domain_3"
"2813",5574,9158,"domain_2"
"2814",8330,4533,"domain_3"
"2815",5946,6053,"domain_3"
"2816",10339,3808,"domain_2"
"2817",4689,5766,"domain_2"
"2818",6575,6991,"domain_3"
"2819",3439,9378,"domain_2"
"2820",2302,4976,"domain_5"
"2821",3690,9233,"domain_2"
"2822",4057,3096,"domain_2"
"2823",5576,10169,"domain_1"
"2824",7833,7711,"domain_1"
"2825",5697,7786,"domain_3"
"2826",9462,5470,"domain_2"
"2827",4810,2806,"domain_2"
"2828",4560,3673,"domain_3"
"2829",5321,7715,"domain_3"
"2830",5568,5548,"domain_3"
"2831",5065,4972,"domain_2"
"2832",7579,5978,"domain_4"
"2833",9085,5110,"domain_2"
"2834",4561,4251,"domain_2"
"2835",9841,6986,"domain_1"
"2836",3934,4613,"domain_2"
"2837",3311,7573,"domain_2"
"2838",10347,9006,"domain_1"
"2839",8958,4605,"domain_3"
"2840",4066,8583,"domain_2"
"2841",6203,9662,"domain_1"
"2842",10221,9078,"domain_1"
"2843",6824,5402,"domain_4"
"2844",10220,8212,"domain_1"
"2845",9715,6336,"domain_1"
"2846",5568,5115,"domain_3"
"2847",10470,7345,"domain_1"
"2848",9463,6336,"domain_1"
"2849",5698,8219,"domain_2"
"2850",6828,7568,"domain_3"
"2851",5696,6631,"domain_3"
"2852",9465,7058,"domain_1"
"2853",9836,3520,"domain_2"
"2854",2552,4398,"domain_5"
"2855",2809,8007,"domain_2"
"2856",5068,6849,"domain_3"
"2857",6707,10961,"other"
"2858",5701,10241,"domain_1"
"2859",6072,6558,"domain_3"
"2860",5569,5982,"domain_3"
"2861",5195,7498,"domain_3"
"2862",6070,4970,"domain_3"
"2863",2804,5120,"domain_2"
"2864",4693,7932,"domain_2"
"2865",5451,10819,"domain_1"
"2866",7331,8289,"domain_1"
"2867",5325,10747,"domain_1"
"2868",9083,3810,"domain_3"
"2869",5943,4465,"domain_3"
"2870",4066,8727,"domain_2"
"2871",5943,3888,"domain_3"
"2872",5702,10674,"domain_1"
"2873",10592,5107,"domain_6"
"2874",2554,5553,"domain_2"
"2875",4063,7139,"domain_2"
"2876",4567,8005,"domain_2"
"2877",4942,6344,"domain_3"
"2878",5818,4826,"domain_3"
"2879",3429,3025,"domain_5"
"2880",8838,7853,"domain_1"
"2881",6076,8580,"domain_3"
"2882",8464,9659,"domain_1"
"2883",7708,8360,"domain_1"
"2884",8083,7133,"domain_1"
"2885",5323,9591,"domain_2"
"2886",10096,9440,"domain_1"
"2887",8207,6338,"domain_3"
"2888",4309,3674,"domain_3"
"2889",8338,9731,"domain_1"
"2890",5448,8942,"domain_2"
"2891",10346,8573,"domain_1"
"2892",8837,7565,"domain_1"
"2893",9588,5831,"domain_2"
"2894",7583,8577,"domain_1"
"2895",6950,5474,"domain_4"
"2896",7701,4029,"domain_3"
"2897",6828,8001,"domain_3"
"2898",5065,4827,"domain_2"
"2899",5566,3960,"domain_3"
"2900",3061,8873,"domain_2"
"2901",3313,9017,"domain_2"
"2902",6572,4681,"domain_4"
"2903",7961,9371,"domain_1"
"2904",6945,2586,"domain_2"
"2905",3687,7501,"domain_2"
"2906",10470,7490,"domain_1"
"2907",8840,9153,"domain_1"
"2908",5571,6992,"domain_3"
"2909",5443,5765,"domain_3"
"2910",7459,9660,"domain_1"
"2911",9084,4821,"domain_2"
"2912",8957,3594,"domain_3"
"2913",6449,6486,"domain_3"
"2914",8959,5182,"domain_3"
"2915",8830,2656,"domain_2"
"2916",2806,5986,"domain_2"
"2917",7707,7927,"domain_1"
"2918",8085,8288,"domain_1"
"2919",3683,4757,"domain_2"
"2920",2930,5192,"domain_2"
"2921",6317,2660,"domain_3"
"2922",7452,5185,"domain_3"
"2923",10095,8718,"domain_1"
"2924",7574,2946,"domain_2"
"2925",5062,2806,"domain_3"
"2926",4189,6922,"domain_2"
"2927",8966,9658,"domain_1"
"2928",5692,4610,"domain_3"
"2929",4192,8944,"domain_2"
"2930",9968,7779,"domain_1"
"2931",5445,7065,"domain_3"
"2932",4822,10314,"domain_2"
"2933",10346,8284,"domain_1"
"2934",5321,7859,"domain_3"
"2935",3935,5479,"domain_2"
"2936",4945,8798,"domain_2"
"2937",2558,8008,"domain_2"
"2938",5567,4538,"domain_3"
"2939",5949,8219,"domain_2"
"2940",7450,4174,"domain_3"
"2941",5823,7858,"domain_3"
"2942",7962,10093,"domain_1"
"2943",7952,3451,"domain_2"
"2944",9092,9441,"domain_1"
"2945",5702,10385,"domain_1"
"2946",9214,7636,"domain_1"
"2947",6696,3598,"domain_3"
"2948",2052,5843,"domain_2"
"2949",6830,8867,"domain_1"
"2950",3058,6563,"domain_2"
"2951",8958,4171,"domain_3"
"2952",3062,9018,"domain_2"
"2953",5195,8076,"domain_2"
"2954",10343,6552,"domain_1"
"2955",3309,6563,"domain_2"
"2956",6446,4320,"domain_4"
"2957",8834,5255,"domain_3"
"2958",5189,3889,"domain_3"
"2959",4563,5406,"domain_2"
"2960",8462,8504,"domain_1"
"2961",7708,8072,"domain_1"
"2962",7199,4174,"domain_3"
"2963",8967,10091,"domain_1"
"2964",8333,6410,"domain_2"
"2965",3058,6996,"domain_2"
"2966",5313,2661,"domain_3"
"2967",8583,5832,"domain_2"
"2968",2929,4759,"domain_2"
"2969",8328,3234,"domain_3"
"2970",5188,3311,"domain_2"
"2971",8958,4316,"domain_3"
"2972",8841,10163,"domain_1"
"2973",5194,7354,"domain_3"
"2974",7577,4679,"domain_3"
"2975",4689,5622,"domain_2"
"2976",7832,7277,"domain_2"
"2977",5449,9663,"domain_2"
"2978",7333,9588,"domain_1"
"2979",6072,6414,"domain_3"
"2980",4061,5406,"domain_2"
"2981",4566,7138,"domain_2"
"2982",9845,9296,"domain_1"
"2983",3558,4974,"domain_2"
"2984",6947,3597,"domain_3"
"2985",7960,8793,"domain_1"
"2986",4316,8149,"domain_2"
"2987",9468,9224,"domain_1"
"2988",8587,8287,"domain_1"
"2989",3313,9306,"domain_2"
"2990",7461,10671,"domain_1"
"2991",3431,4180,"domain_2"
"2992",7448,2874,"domain_2"
"2993",4313,6272,"domain_2"
"2994",9965,5614,"domain_2"
"2995",4437,5189,"other"
"2996",7710,9371,"domain_1"
"2997",8839,8575,"domain_1"
"2998",6077,9302,"domain_2"
"2999",8211,8504,"domain_1"
"3000",4936,2878,"domain_2"
"3001",9469,9657,"domain_1"
"3002",6954,8217,"domain_2"
"3003",3682,4180,"domain_2"
"3004",6067,2949,"domain_3"
"3005",6831,9589,"domain_1"
"3006",6824,5113,"domain_3"
"3007",3056,5697,"domain_2"
"3008",5824,8291,"domain_2"
"3009",2177,5915,"domain_2"
"3010",8205,5039,"domain_3"
"3011",3805,2664,"domain_2"
"3012",3684,5768,"domain_2"
"3013",4443,9088,"domain_2"
"3014",4939,4611,"domain_2"
"3015",7458,9227,"domain_1"
"3016",6832,10311,"domain_1"
"3017",7208,9661,"domain_1"
"3018",5826,9446,"domain_2"
"3019",6702,7640,"domain_3"
"3020",5822,7281,"domain_3"
"3021",7460,10238,"domain_1"
"3022",5822,7425,"domain_3"
"3023",9968,7346,"domain_1"
"3024",4440,7211,"domain_2"
"3025",6077,9590,"domain_1"
"3026",6079,10890,"domain_1"
"3027",2683,8224,"domain_2"
"3028",3185,7790,"domain_2"
"3029",6201,8507,"domain_3"
"3030",10090,5108,"domain_2"
"3031",6694,2587,"domain_2"
"3032",4183,3313,"domain_3"
"3033",3931,2880,"domain_2"
"3034",10095,8429,"domain_1"
"3035",10091,6119,"domain_1"
"3036",7711,10382,"domain_1"
"3037",7071,2803,"domain_3"
"3038",3817,9883,"domain_2"
"3039",8705,3161,"domain_3"
"3040",6569,2659,"domain_2"
"3041",6203,9807,"domain_1"
"3042",10470,7057,"domain_1"
"3043",10093,6985,"domain_1"
"3044",5946,5909,"domain_4"
"3045",7325,4102,"domain_3"
"3046",6454,9373,"domain_1"
"3047",7581,7422,"domain_2"
"3048",9585,3665,"domain_2"
"3049",4062,6417,"domain_2"
"3050",6695,2876,"domain_3"
"3051",6956,9084,"domain_1"
"3052",2682,7069,"domain_2"
"3053",3816,9305,"domain_2"
"3054",2428,5337,"domain_5"
"3055",7075,5257,"domain_3"
"3056",8711,7204,"domain_1"
"3057",4192,8655,"domain_2"
"3058",9087,6698,"domain_1"
"3059",8830,3089,"domain_3"
"3060",10594,6262,"domain_2"
"3061",7705,6628,"domain_3"
"3062",7452,5473,"domain_3"
"3063",5573,8580,"domain_2"
"3064",7837,10598,"domain_1"
"3065",8709,5616,"domain_2"
"3066",5314,3383,"domain_3"
"3067",10468,6190,"domain_2"
"3068",7074,4247,"domain_3"
"3069",5199,10241,"domain_2"
"3070",5318,6415,"domain_3"
"3071",3816,9738,"domain_2"
"3072",5318,6126,"domain_3"
"3073",5577,10746,"domain_1"
"3074",9218,9946,"domain_1"
"3075",7825,3090,"domain_2"
"3076",9840,6119,"domain_1"
"3077",5694,5476,"domain_3"
"3078",7830,5689,"domain_3"
"3079",6572,4969,"domain_4"
"3080",3809,4974,"domain_2"
"3081",10720,6768,"domain_1"
"3082",9342,9008,"domain_1"
"3083",5570,6848,"domain_3"
"3084",9593,9007,"domain_1"
"3085",2556,7286,"domain_2"
"3086",3932,3458,"domain_2"
"3087",7073,4102,"domain_3"
"3088",6574,5836,"domain_4"
"3089",7073,3814,"domain_3"
"3090",7073,3669,"domain_3"
"3091",4818,7860,"domain_2"
"3092",10339,3953,"domain_2"
"3093",6830,9012,"domain_1"
"3094",6201,8652,"domain_3"
"3095",4189,7355,"domain_2"
"3096",10341,5252,"domain_6"
"3097",5447,8364,"domain_2"
"3098",7199,3886,"domain_3"
"3099",8584,6266,"domain_2"
"3100",7197,2730,"domain_2"
"3101",4316,8005,"domain_2"
"3102",8209,7638,"domain_1"
"3103",4443,8799,"domain_2"
"3104",7456,7928,"domain_1"
"3105",9587,4965,"domain_2"
"3106",8962,7059,"domain_1"
"3107",8955,2583,"domain_2"
"3108",8716,10091,"domain_1"
"3109",3807,3963,"domain_2"
"3110",4315,7572,"domain_2"
"3111",8336,8432,"domain_1"
"3112",7449,3452,"domain_3"
"3113",7579,5834,"domain_3"
"3114",9335,4821,"domain_2"
"3115",8080,5400,"domain_3"
"3116",4434,3312,"domain_3"
"3117",5697,7353,"domain_3"
"3118",5191,5477,"domain_2"
"3119",10345,7995,"domain_1"
"3120",4567,7571,"domain_2"
"3121",3309,6418,"domain_2"
"3122",3310,7285,"domain_2"
"3123",7201,5618,"domain_4"
"3124",8455,4028,"domain_3"
"3125",3179,3747,"domain_5"
"3126",7080,8001,"domain_2"
"3127",8337,9009,"domain_1"
"3128",2430,6492,"domain_2"
"3129",10591,4385,"domain_6"
"3130",7459,9372,"domain_1"
"3131",8962,6915,"domain_1"
"3132",10094,7707,"domain_1"
"3133",9842,7563,"domain_1"
"3134",4438,5478,"domain_2"
"3135",6576,7279,"domain_3"
"3136",9586,4387,"domain_2"
"3137",9591,7275,"domain_1"
"3138",2928,3748,"domain_5"
"3139",4821,9881,"domain_2"
"3140",6698,5041,"domain_4"
"3141",3559,5840,"domain_2"
"3142",4315,7427,"domain_2"
"3143",4696,10242,"domain_2"
"3144",5063,3817,"domain_3"
"3145",4309,3240,"domain_3"
"3146",9592,8285,"domain_1"
"3147",2677,3893,"domain_5"
"3148",9083,3955,"domain_3"
"3149",6451,7785,"domain_3"
"3150",10844,5684,"domain_6"
"3151",2557,7430,"domain_2"
"3152",5443,5476,"domain_2"
"3153",3053,3531,"domain_5"
"3154",8085,8143,"domain_1"
"3155",4568,8726,"domain_2"
"3156",10092,6552,"domain_1"
"3157",8590,10164,"domain_1"
"3158",7329,6701,"domain_3"
"3159",6701,6918,"domain_3"
"3160",8831,3378,"domain_3"
"3161",5321,8003,"domain_3"
"3162",7951,3307,"domain_2"
"3163",5065,5261,"domain_2"
"3164",8709,5904,"domain_2"
"3165",8208,6483,"domain_3"
"3166",2679,5625,"domain_2"
"3167",9341,8430,"domain_1"
"3168",7072,3380,"domain_3"
"3169",8704,2584,"domain_2"
"3170",4188,6200,"domain_2"
"3171",4687,4467,"domain_2"
"3172",7586,10310,"domain_1"
"3173",2805,5842,"domain_2"
"3174",3688,7789,"domain_2"
"3175",4064,7717,"domain_2"
"3176",7709,8938,"domain_1"
"3177",10344,6985,"domain_1"
"3178",3437,8223,"domain_2"
"3179",10472,8645,"domain_1"
"3180",4307,2518,"domain_2"
"3181",6946,3308,"domain_3"
"3182",7836,9732,"domain_1"
"3183",2808,7430,"domain_2"
"3184",2681,6780,"domain_2"
"3185",8335,7854,"domain_1"
"3186",6946,3020,"domain_3"
"3187",4434,2879,"domain_2"
"3188",6446,4609,"domain_4"
"3189",5063,3672,"domain_3"
"3190",9333,3088,"domain_3"
"3191",4936,2590,"domain_2"
"3192",8084,7855,"domain_1"
"3193",4691,6488,"domain_2"
"3194",3187,9090,"domain_2"
"3195",6319,3526,"domain_3"
"3196",9217,9080,"domain_1"
"3197",6575,6702,"domain_3"
"3198",2428,5626,"domain_2"
"3199",6076,8724,"domain_2"
"3200",6195,4898,"domain_3"
"3201",5447,8220,"domain_3"
"3202",3057,6130,"domain_2"
"3203",7207,9228,"domain_1"
"3204",3183,6635,"domain_2"
"3205",5566,3816,"domain_3"
"3206",6069,4681,"domain_3"
"3207",2928,4181,"domain_5"
"3208",9459,3593,"domain_2"
"3209",3183,6346,"domain_2"
"3210",4441,7788,"domain_2"
"3211",9213,7059,"domain_1"
"3212",8578,2512,"domain_2"
"3213",8464,9514,"domain_1"
"3214",6319,3815,"domain_3"
"3215",5448,8797,"domain_2"
"3216",9967,6769,"domain_1"
"3217",9965,6047,"domain_2"
"3218",7071,2514,"domain_2"
"3219",4814,5117,"domain_2"
"3220",7825,2657,"domain_2"
"3221",5692,4032,"domain_3"
"3222",7332,8722,"domain_1"
"3223",5062,3095,"domain_3"
"3224",6322,5692,"domain_3"
"3225",10595,7273,"domain_1"
"3226",7957,6916,"domain_2"
"3227",5945,5620,"domain_3"
"3228",4819,8437,"domain_2"
"3229",4063,6562,"domain_2"
"3230",9709,3015,"domain_2"
"3231",2929,4470,"domain_2"
"3232",2806,6275,"domain_2"
"3233",5062,3384,"domain_2"
"3234",5700,9374,"domain_2"
"3235",4812,4106,"domain_3"
"3236",4188,6489,"domain_2"
"3237",3057,6419,"domain_2"
"3238",6318,2804,"domain_3"
"3239",4811,3528,"domain_3"
"3240",7576,4390,"domain_3"
"3241",7208,9805,"domain_1"
"3242",3437,8078,"domain_2"
"3243",5569,5693,"domain_3"
"3244",2679,5336,"domain_2"
"3245",9209,4315,"domain_2"
"3246",9845,9007,"domain_1"
"3247",4065,8005,"domain_2"
"3248",5571,7425,"domain_3"
"3249",9592,7997,"domain_1"
"3250",3938,7500,"domain_2"
"3251",4816,6272,"domain_3"
"3252",5072,9448,"domain_2"
"3253",4312,5117,"domain_2"
"3254",6957,9950,"domain_1"
"3255",6069,4537,"domain_3"
"3256",3940,8655,"domain_2"
"3257",4813,4250,"domain_3"
"3258",9338,6698,"domain_1"
"3259",3179,4036,"domain_5"
"3260",5951,9230,"domain_2"
"3261",2427,5192,"domain_5"
"3262",7833,8144,"domain_1"
"3263",6068,3671,"domain_3"
"3264",6075,8147,"domain_2"
"3265",7200,4752,"domain_3"
"3266",7328,6412,"domain_3"
"3267",8334,7132,"domain_1"
"3268",9463,5759,"domain_2"
"3269",3815,8728,"domain_2"
"3270",7834,8288,"domain_1"
"3271",8076,2513,"domain_2"
"3272",7583,8722,"domain_1"
"3273",3431,4036,"domain_2"
"3274",4311,4540,"domain_2"
"3275",4570,9593,"domain_2"
"3276",5691,3599,"domain_3"
"3277",6579,9301,"domain_1"
"3278",9085,5254,"domain_2"
"3279",9594,9296,"domain_1"
"3280",6069,4393,"domain_3"
"3281",7709,9082,"domain_1"
"3282",2429,6348,"domain_2"
"3283",9466,7780,"domain_1"
"3284",6577,7857,"domain_3"
"3285",5068,7137,"domain_3"
"3286",3432,4902,"domain_2"
"3287",8211,8793,"domain_1"
"3288",8329,3812,"domain_3"
"3289",5189,3744,"domain_3"
"3290",7574,3091,"domain_2"
"3291",4565,6849,"domain_2"
"3292",6952,7062,"domain_3"
"3293",5191,5044,"domain_2"
"3294",6578,8434,"domain_3"
"3295",2680,5770,"domain_2"
"3296",5063,3961,"domain_3"
"3297",7581,7567,"domain_2"
"3298",3686,6779,"domain_2"
"3299",6200,7930,"domain_3"
"3300",4313,5984,"domain_2"
"3301",3437,7934,"domain_2"
"3302",6578,8723,"domain_2"
"3303",2683,8080,"domain_2"
"3304",6575,6413,"domain_3"
"3305",10717,4457,"domain_6"
"3306",8712,7493,"domain_1"
"3307",10217,6191,"domain_1"
"3308",2551,4109,"domain_5"
"3309",7709,8649,"domain_1"
"3310",8715,9370,"domain_1"
"3311",6821,3670,"domain_3"
"3312",5187,3022,"domain_3"
"3313",3805,2808,"domain_2"
"3314",4190,7933,"domain_2"
"3315",4695,9376,"domain_2"
"3316",7830,5834,"domain_3"
"3317",8081,5833,"domain_3"
"3318",6707,10528,"domain_1"
"3319",7575,3380,"domain_3"
"3320",4445,9809,"domain_2"
"3321",7581,7133,"domain_2"
"3322",8583,5688,"domain_2"
"3323",6958,10816,"domain_1"
"3324",7458,8794,"domain_1"
"3325",4439,6056,"domain_2"
"3326",8086,8721,"domain_1"
"3327",6193,3598,"domain_3"
"3328",3180,4325,"domain_2"
"3329",8335,7421,"domain_1"
"3330",4815,5694,"domain_2"
"3331",4941,5766,"domain_2"
"3332",9464,6770,"domain_1"
"3333",3179,3892,"domain_5"
"3334",8956,3161,"domain_3"
"3335",9212,5904,"domain_2"
"3336",6959,10961,"other"
"3337",4319,9737,"domain_2"
"3338",3815,8872,"domain_2"
"3339",4059,4251,"domain_2"
"3340",6325,7713,"domain_3"
"3341",8708,5183,"domain_2"
"3342",10218,7057,"domain_1"
"3343",3312,8728,"domain_2"
"3344",5441,4610,"domain_3"
"3345",4696,10098,"domain_2"
"3346",6076,9013,"domain_2"
"3347",10465,4169,"domain_2"
"3348",4562,4828,"domain_2"
"3349",9337,5831,"domain_2"
"3350",4564,5694,"domain_2"
"3351",10217,6480,"domain_1"
"3352",9584,3088,"domain_2"
"3353",8337,8576,"domain_1"
"3354",7958,7494,"domain_1"
"3355",5942,3743,"domain_3"
"3356",6829,8290,"domain_3"
"3357",5324,10169,"domain_2"
"3358",4309,3385,"domain_3"
"3359",4060,4973,"domain_2"
"3360",3938,6923,"domain_2"
"3361",7962,9804,"domain_1"
"3362",7704,5473,"domain_3"
"3363",6832,10455,"domain_1"
"3364",8331,4822,"domain_3"
"3365",4442,8221,"domain_2"
"3366",4688,5045,"other"
"3367",5564,3094,"domain_3"
"3368",4822,10025,"domain_2"
"3369",4184,4035,"domain_3"
"3370",9342,8863,"domain_1"
"3371",5820,6126,"domain_3"
"3372",9584,3376,"domain_2"
"3373",6075,8002,"domain_2"
"3374",7826,3235,"domain_2"
"3375",6705,9517,"domain_1"
"3376",7710,9660,"domain_1"
"3377",7326,4824,"domain_3"
"3378",9843,8285,"domain_1"
"3379",4819,8148,"domain_2"
"3380",8080,4967,"domain_3"
"3381",2932,6202,"domain_2"
"3382",6957,9805,"domain_1"
"3383",7201,5474,"domain_4"
"3384",7585,10021,"domain_1"
"3385",8714,8792,"domain_1"
"3386",7326,5257,"domain_3"
"3387",7335,10888,"other"
"3388",6582,11033,"other"
"3389",5443,5910,"domain_3"
"3390",10592,4963,"domain_6"
"3391",4820,9015,"domain_2"
"3392",7828,4967,"domain_3"
"3393",5190,4899,"domain_2"
"3394",10596,7417,"domain_1"
"3395",7203,6629,"domain_3"
"3396",4440,6777,"domain_2"
"3397",6949,5041,"domain_3"
"3398",7335,10743,"domain_1"
"3399",8581,4244,"domain_2"
"3400",6321,4970,"domain_3"
"3401",9585,3810,"domain_3"
"3402",9592,8141,"domain_1"
"3403",10465,4025,"domain_2"
"3404",4559,2807,"domain_2"
"3405",8458,5760,"domain_3"
"3406",4938,3889,"domain_3"
"3407",8206,5472,"domain_3"
"3408",3565,9450,"domain_2"
"3409",10472,8501,"domain_1"
"3410",4567,7716,"domain_2"
"3411",4188,6634,"domain_2"
"3412",5947,6631,"domain_3"
"3413",4561,3962,"domain_3"
"3414",2809,8152,"domain_2"
"3415",8078,4245,"domain_3"
"3416",6949,4608,"domain_3"
"3417",8213,10092,"domain_1"
"3418",8839,8720,"domain_1"
"3419",2805,5697,"domain_2"
"3420",7830,6267,"domain_3"
"3421",3058,6852,"domain_2"
"3422",3937,6490,"domain_2"
"3423",3933,4035,"domain_2"
"3424",3814,8439,"domain_2"
"3425",4688,5189,"other"
"3426",10344,7129,"domain_1"
"3427",5320,7570,"domain_3"
"3428",8214,10381,"domain_1"
"3429",5572,8003,"domain_3"
"3430",7830,5978,"domain_3"
"3431",8455,4172,"domain_2"
"3432",7577,4823,"domain_3"
"3433",5196,8364,"domain_2"
"3434",6198,6486,"domain_3"
"3435",8201,2585,"domain_2"
"3436",3311,7862,"domain_2"
"3437",8453,2873,"domain_3"
"3438",4565,6705,"domain_2"
"3439",8840,9008,"domain_1"
"3440",7198,3452,"domain_3"
"3441",9340,7853,"domain_1"
"3442",9332,2655,"domain_2"
"3443",4063,6850,"domain_2"
"3444",8079,4534,"domain_3"
"3445",9720,9368,"domain_1"
"3446",8836,6843,"domain_1"
"3447",8208,6772,"domain_2"
"3448",4563,5550,"domain_2"
"3449",4817,7138,"domain_2"
"3450",4433,2735,"domain_2"
"3451",5698,8075,"domain_2"
"3452",9085,5543,"domain_2"
"3453",9335,4676,"domain_2"
"3454",7451,4463,"domain_3"
"3455",2680,6203,"domain_2"
